num__age,num__salary,num__experience,cat__department_Engineering,cat__department_HR,cat__department_Management,cat__department_Marketing,cat__department_Sales,cat__education_Bachelors,cat__education_Masters,cat__education_PhD
0.811544214214574,-1.780544877490318,0.0,0.0,0.0,0.0,1.0,0.0,0.0,0.0,1.0
-0.4434672735799736,0.8831559396519756,-0.1219601129979282,0.0,0.0,1.0,0.0,0.0,0.0,1.0,0.0
-1.0709730174772474,-0.6004242623006943,0.0,0.0,1.0,0.0,0.0,0.0,1.0,0.0,0.0
0.09439479261768965,0.07804571531654611,-1.2987682208726732,0.0,1.0,0.0,0.0,0.0,0.0,0.0,1.0
-0.08489256278153143,1.4991008028444675,0.7339003290927956,0.0,0.0,0.0,0.0,1.0,0.0,1.0,0.0
0.27368214801691076,0.0,1.054847994876817,0.0,0.0,0.0,0.0,1.0,1.0,0.0,0.0
-0.8020419843784158,-0.3392872099837195,1.5897607711835193,0.0,0.0,0.0,1.0,0.0,0.0,1.0,0.0
-0.8020419843784158,1.0889697231847488,-0.9778205550886518,0.0,0.0,0.0,1.0,0.0,0.0,0.0,1.0
0.3633258257165213,-0.11846178716123472,-0.014977557736587726,1.0,0.0,0.0,0.0,0.0,0.0,0.0,1.0
1.4390499581118479,0.35124819734300866,0.3059701080474337,0.0,0.0,0.0,1.0,0.0,1.0,0.0,0.0
0.3633258257165213,-0.557727606003166,-1.7266984419180351,1.0,0.0,0.0,0.0,0.0,1.0,0.0,0.0
-1.5191914059753002,-1.596851048424939,-0.3359252235206091,0.0,0.0,1.0,0.0,0.0,1.0,0.0,0.0
0.1840384703173002,-0.13052721687072244,1.054847994876817,0.0,0.0,0.0,0.0,1.0,0.0,1.0,0.0
-1.6088350836749108,-0.6572440184907238,-0.014977557736587726,0.0,0.0,1.0,0.0,0.0,0.0,1.0,0.0
0.3633258257165213,-1.3705073282934637,1.6967433264448597,0.0,0.0,0.0,1.0,0.0,1.0,0.0,0.0
0.9011878919141846,-0.10410486111157295,0.4129526633087741,0.0,0.0,1.0,0.0,0.0,1.0,0.0,0.0
1.618337313511069,-0.7140637746807532,-0.763855444565971,0.0,0.0,1.0,0.0,0.0,0.0,0.0,1.0
-1.6088350836749108,1.1393826426685774,-0.54989033404329,0.0,0.0,1.0,0.0,0.0,1.0,0.0,0.0
0.09439479261768965,0.6723382763559651,-1.5127333313953542,0.0,0.0,0.0,1.0,0.0,0.0,1.0,0.0
1.1701189250130162,0.5469606908864434,0.4129526633087741,0.0,0.0,1.0,0.0,0.0,0.0,1.0,0.0
-0.7123983066788052,-1.3304295249561342,-1.1917856656113328,1.0,0.0,0.0,0.0,0.0,0.0,0.0,1.0
0.1840384703173002,0.0006960225278146732,0.6269177738314551,0.0,0.0,0.0,1.0,0.0,0.0,0.0,1.0
0.45296950341613185,0.3731343256532422,-1.5127333313953542,0.0,0.0,1.0,0.0,0.0,1.0,0.0,0.0
0.632256858815353,1.76921677959641,1.054847994876817,0.0,0.0,0.0,1.0,0.0,0.0,1.0,0.0
0.7219005365149634,1.6292016766886337,-0.3359252235206091,0.0,1.0,0.0,0.0,0.0,0.0,0.0,1.0
-0.35382359588036305,0.5523854577325696,-1.8336809971793755,1.0,0.0,0.0,0.0,0.0,1.0,0.0,0.0
-0.4434672735799736,-0.6730506667147813,0.0,0.0,0.0,1.0,0.0,0.0,0.0,1.0,0.0
-1.5191914059753002,1.671524211134705,0.0,0.0,1.0,0.0,0.0,0.0,0.0,0.0,1.0
1.5286936358114585,0.6694388320071735,-1.8336809971793755,0.0,1.0,0.0,0.0,0.0,0.0,0.0,1.0
-1.160616695176858,-0.472942241416727,0.3059701080474337,0.0,0.0,0.0,1.0,0.0,0.0,0.0,1.0
0.09439479261768965,1.6567463980021542,1.1618305501381574,0.0,1.0,0.0,0.0,0.0,0.0,0.0,1.0
-0.9813293397776369,1.0493595721617408,0.0,1.0,0.0,0.0,0.0,0.0,1.0,0.0,0.0
-0.17453624048114197,1.555593202414472,-0.8708379998273115,1.0,0.0,0.0,0.0,0.0,0.0,0.0,1.0
-1.4295477282756897,0.7286903802316733,1.054847994876817,0.0,0.0,0.0,0.0,1.0,1.0,0.0,0.0
0.45296950341613185,-0.4354365258081644,0.3059701080474337,1.0,0.0,0.0,0.0,0.0,1.0,0.0,0.0
-0.5331109512795842,0.0,-1.1917856656113328,0.0,1.0,0.0,0.0,0.0,0.0,0.0,1.0
-0.9813293397776369,0.0,-1.6197158866566947,1.0,0.0,0.0,0.0,0.0,1.0,0.0,0.0
0.5426131811157424,-0.03765146724652618,0.1989875527860932,0.0,0.0,0.0,1.0,0.0,0.0,1.0,0.0
-1.6088350836749108,-0.7777580198913047,0.09200499752475273,0.0,0.0,0.0,0.0,1.0,0.0,0.0,1.0
0.004751114918079114,1.792038212535286,1.8037258817062,0.0,1.0,0.0,0.0,0.0,0.0,1.0,0.0
0.7219005365149634,1.1288137003649177,-1.5127333313953542,0.0,0.0,0.0,0.0,1.0,0.0,0.0,1.0
-1.160616695176858,1.5299190903582365,-1.4057507761340138,0.0,1.0,0.0,0.0,0.0,0.0,0.0,1.0
-1.0709730174772474,-0.2749850167645504,0.0,0.0,0.0,0.0,1.0,0.0,0.0,0.0,1.0
1.3494062804122373,-0.41948958188981045,-1.5127333313953542,0.0,0.0,0.0,0.0,1.0,0.0,0.0,1.0
-0.5331109512795842,1.6016101901436812,-0.6568728893046305,0.0,0.0,1.0,0.0,0.0,0.0,0.0,1.0
-0.26417991818075254,0.9233272734521693,0.9478654396154764,0.0,1.0,0.0,0.0,0.0,1.0,0.0,0.0
1.4390499581118479,-1.3382393186052988,0.5199352185701146,0.0,0.0,1.0,0.0,0.0,0.0,0.0,1.0
-1.4295477282756897,0.6537724794774122,0.0,0.0,0.0,0.0,0.0,1.0,1.0,0.0,0.0
-1.6088350836749108,1.1956412160814214,0.3059701080474337,0.0,0.0,1.0,0.0,0.0,1.0,0.0,0.0
-1.2502603728764685,-1.0973048462670012,0.0,0.0,0.0,1.0,0.0,0.0,1.0,0.0,0.0
-1.4295477282756897,0.2930254842100155,0.0,0.0,0.0,0.0,0.0,1.0,1.0,0.0,0.0
0.811544214214574,-1.6199998379838398,1.4827782159221787,0.0,0.0,0.0,1.0,0.0,1.0,0.0,0.0
-0.17453624048114197,-1.700669862204252,1.4827782159221787,0.0,0.0,1.0,0.0,0.0,1.0,0.0,0.0
0.5426131811157424,-1.1578658209716004,-1.4057507761340138,0.0,0.0,1.0,0.0,0.0,1.0,0.0,0.0
1.2597626027126267,-1.8048160326035898,-0.22894266825926865,0.0,0.0,0.0,1.0,0.0,0.0,0.0,1.0
-0.8916856620780264,0.921690490352045,1.5897607711835193,0.0,0.0,1.0,0.0,0.0,0.0,0.0,1.0
1.4390499581118479,0.589376755795379,0.3059701080474337,0.0,0.0,1.0,0.0,0.0,0.0,1.0,0.0
-0.5331109512795842,-0.9686069293657986,-0.9778205550886518,0.0,0.0,1.0,0.0,0.0,0.0,0.0,1.0
0.9908315696137951,-0.21376932881990138,-1.2987682208726732,1.0,0.0,0.0,0.0,0.0,0.0,0.0,1.0
-0.4434672735799736,0.0,1.8037258817062,0.0,0.0,0.0,1.0,0.0,1.0,0.0,0.0
-1.0709730174772474,-1.2594866688736037,0.4129526633087741,0.0,0.0,1.0,0.0,0.0,1.0,0.0,0.0
-0.5331109512795842,0.0,-1.4057507761340138,0.0,0.0,0.0,1.0,0.0,0.0,0.0,1.0
0.27368214801691076,-0.43828920492552387,0.5199352185701146,0.0,1.0,0.0,0.0,0.0,1.0,0.0,0.0
0.09439479261768965,-1.5005146716747655,-0.1219601129979282,0.0,1.0,0.0,0.0,0.0,1.0,0.0,0.0
-0.35382359588036305,0.09768711251803776,-0.6568728893046305,0.0,0.0,1.0,0.0,0.0,0.0,0.0,1.0
-0.17453624048114197,-0.8209690937345864,0.5199352185701146,0.0,0.0,0.0,1.0,0.0,0.0,0.0,1.0
0.3633258257165213,0.0,-0.22894266825926865,0.0,0.0,0.0,1.0,0.0,0.0,1.0,0.0
0.5426131811157424,1.6894820600046403,-1.6197158866566947,0.0,0.0,0.0,1.0,0.0,0.0,1.0,0.0
0.45296950341613185,-1.225020693308129,1.2688131053994978,1.0,0.0,0.0,0.0,0.0,1.0,0.0,0.0
0.811544214214574,-0.33760366165216305,0.4129526633087741,0.0,1.0,0.0,0.0,0.0,0.0,1.0,0.0
-0.4434672735799736,1.7754833206083145,-0.9778205550886518,0.0,0.0,0.0,1.0,0.0,0.0,0.0,1.0
-1.6984787613745214,-1.847793280289711,0.0,0.0,0.0,0.0,1.0,0.0,0.0,0.0,1.0
0.45296950341613185,1.0478163195244807,0.5199352185701146,1.0,0.0,0.0,0.0,0.0,0.0,1.0,0.0
-1.160616695176858,1.0159691969192048,-0.54989033404329,1.0,0.0,0.0,0.0,0.0,0.0,1.0,0.0
-0.9813293397776369,-1.576367877057669,1.4827782159221787,0.0,0.0,0.0,1.0,0.0,0.0,1.0,0.0
0.3633258257165213,-1.0765410835111384,0.5199352185701146,0.0,0.0,0.0,0.0,1.0,0.0,1.0,0.0
-1.6984787613745214,-0.5058181991135094,-0.1219601129979282,0.0,0.0,0.0,1.0,0.0,1.0,0.0,0.0
-1.0709730174772474,0.2271332731221542,0.3059701080474337,0.0,0.0,0.0,1.0,0.0,0.0,1.0,0.0
0.3633258257165213,0.3504531884086626,-1.7266984419180351,1.0,0.0,0.0,0.0,0.0,1.0,0.0,0.0
-0.8020419843784158,-1.0161204045008356,-1.2987682208726732,1.0,0.0,0.0,0.0,0.0,0.0,0.0,1.0
-0.26417991818075254,1.2556877732402674,-0.014977557736587726,0.0,0.0,0.0,1.0,0.0,0.0,1.0,0.0
-1.0709730174772474,-0.14928007467500376,1.2688131053994978,0.0,0.0,0.0,1.0,0.0,1.0,0.0,0.0
1.3494062804122373,0.5204448046644297,0.4129526633087741,0.0,0.0,0.0,1.0,0.0,0.0,1.0,0.0
1.3494062804122373,-0.5734407237643593,1.5897607711835193,1.0,0.0,0.0,0.0,0.0,0.0,0.0,1.0
1.1701189250130162,-0.2262088803808461,1.2688131053994978,0.0,0.0,0.0,1.0,0.0,0.0,0.0,1.0
-1.339904050576079,-0.6049137245181782,-0.1219601129979282,0.0,0.0,0.0,1.0,0.0,1.0,0.0,0.0
0.7219005365149634,-1.7872790708165438,1.4827782159221787,0.0,0.0,1.0,0.0,0.0,0.0,1.0,0.0
-1.160616695176858,1.7561692800268476,-0.4429077787819496,0.0,0.0,0.0,0.0,1.0,0.0,1.0,0.0
-0.9813293397776369,-0.2536600712315023,-0.8708379998273115,0.0,1.0,0.0,0.0,0.0,1.0,0.0,0.0
-1.0709730174772474,0.9345041637644467,1.6967433264448597,0.0,0.0,0.0,0.0,1.0,0.0,0.0,1.0
-0.7123983066788052,0.0,-0.9778205550886518,0.0,0.0,1.0,0.0,0.0,0.0,1.0,0.0
1.2597626027126267,0.6658379091869,1.054847994876817,0.0,1.0,0.0,0.0,0.0,0.0,0.0,1.0
1.1701189250130162,-1.080562893414301,-0.763855444565971,0.0,0.0,0.0,1.0,0.0,0.0,0.0,1.0
0.27368214801691076,0.5098290971293377,-0.4429077787819496,0.0,0.0,1.0,0.0,0.0,1.0,0.0,0.0
0.3633258257165213,0.7094231048816386,0.09200499752475273,0.0,0.0,0.0,1.0,0.0,1.0,0.0,0.0
1.5286936358114585,0.0,-0.3359252235206091,1.0,0.0,0.0,0.0,0.0,1.0,0.0,0.0
1.3494062804122373,1.5779002178075947,1.054847994876817,0.0,0.0,1.0,0.0,0.0,1.0,0.0,0.0
0.1840384703173002,0.7174667246879638,0.0,1.0,0.0,0.0,0.0,0.0,0.0,0.0,1.0
0.632256858815353,0.9576061880919153,-1.0848031103499924,0.0,0.0,1.0,0.0,0.0,1.0,0.0,0.0
1.3494062804122373,-0.11916326563271656,-0.9778205550886518,0.0,0.0,1.0,0.0,0.0,1.0,0.0,0.0
-1.6984787613745214,0.7759700292095497,1.5897607711835193,1.0,0.0,0.0,0.0,0.0,1.0,0.0,0.0
1.3494062804122373,0.0,1.5897607711835193,0.0,1.0,0.0,0.0,0.0,1.0,0.0,0.0
1.5286936358114585,-0.6609852370052935,0.09200499752475273,0.0,0.0,0.0,0.0,1.0,0.0,0.0,1.0
-0.5331109512795842,-0.03924148511521836,-1.6197158866566947,0.0,0.0,0.0,1.0,0.0,1.0,0.0,0.0
-1.5191914059753002,-0.8703531781269083,-0.8708379998273115,0.0,0.0,1.0,0.0,0.0,0.0,0.0,1.0
-1.6984787613745214,1.7593025505328,0.0,0.0,0.0,0.0,1.0,0.0,0.0,1.0,0.0
-1.339904050576079,-1.8317528059084927,1.1618305501381574,1.0,0.0,0.0,0.0,0.0,0.0,0.0,1.0
0.5426131811157424,0.3724796124131925,1.6967433264448597,0.0,0.0,0.0,1.0,0.0,0.0,0.0,1.0
-0.5331109512795842,0.0008363182221110422,-0.54989033404329,1.0,0.0,0.0,0.0,0.0,1.0,0.0,0.0
0.632256858815353,-1.125457515589139,-1.8336809971793755,0.0,0.0,0.0,1.0,0.0,0.0,1.0,0.0
-0.9813293397776369,0.9635921377152271,0.0,0.0,0.0,0.0,0.0,1.0,0.0,1.0,0.0
-0.4434672735799736,0.48798973405053625,1.1618305501381574,0.0,0.0,0.0,0.0,1.0,0.0,1.0,0.0
-0.4434672735799736,-0.532614676724116,-0.54989033404329,0.0,0.0,0.0,0.0,1.0,0.0,1.0,0.0
0.5426131811157424,-1.708245829696256,1.1618305501381574,0.0,0.0,0.0,0.0,1.0,0.0,0.0,1.0
-0.6227546289791948,0.28231624621205936,0.6269177738314551,0.0,0.0,0.0,0.0,1.0,0.0,1.0,0.0
1.0804752473134056,0.33357093986166614,0.8408828843541359,0.0,0.0,0.0,0.0,1.0,0.0,0.0,1.0
1.0804752473134056,1.5615323868063518,0.0,1.0,0.0,0.0,0.0,0.0,0.0,0.0,1.0
-1.4295477282756897,0.8539744352383308,-1.1917856656113328,0.0,0.0,1.0,0.0,0.0,0.0,0.0,1.0
0.9011878919141846,-1.3621363518671137,-0.54989033404329,0.0,0.0,0.0,1.0,0.0,0.0,1.0,0.0
1.5286936358114585,-0.23635693560161677,0.0,0.0,0.0,0.0,0.0,1.0,1.0,0.0,0.0
0.27368214801691076,-0.5339708684356476,0.8408828843541359,1.0,0.0,0.0,0.0,0.0,1.0,0.0,0.0
-0.4434672735799736,-0.20549188285641562,-1.6197158866566947,1.0,0.0,0.0,0.0,0.0,0.0,1.0,0.0
0.811544214214574,-0.09737066778534724,-1.1917856656113328,1.0,0.0,0.0,0.0,0.0,1.0,0.0,0.0
1.4390499581118479,0.9506849338399612,-1.8336809971793755,0.0,0.0,1.0,0.0,0.0,1.0,0.0,0.0
-0.6227546289791948,-1.0073753062230286,-0.1219601129979282,0.0,0.0,0.0,1.0,0.0,0.0,0.0,1.0
1.0804752473134056,-0.9174925314104881,0.7339003290927956,0.0,0.0,1.0,0.0,0.0,0.0,0.0,1.0
-1.160616695176858,-1.3672337620932151,-1.6197158866566947,0.0,1.0,0.0,0.0,0.0,0.0,1.0,0.0
0.1840384703173002,1.7689361882078172,-0.3359252235206091,1.0,0.0,0.0,0.0,0.0,0.0,1.0,0.0
0.7219005365149634,0.5838584584863884,1.1618305501381574,0.0,1.0,0.0,0.0,0.0,1.0,0.0,0.0
-1.6088350836749108,0.781020674204219,1.4827782159221787,0.0,0.0,0.0,0.0,1.0,0.0,0.0,1.0
-1.2502603728764685,0.5710447850739867,0.8408828843541359,0.0,0.0,0.0,0.0,1.0,0.0,1.0,0.0
0.7219005365149634,1.476092308979863,-0.22894266825926865,0.0,0.0,1.0,0.0,0.0,0.0,1.0,0.0
0.7219005365149634,0.0,0.7339003290927956,0.0,0.0,0.0,1.0,0.0,0.0,1.0,0.0
0.004751114918079114,-1.3910372648921656,1.054847994876817,0.0,1.0,0.0,0.0,0.0,0.0,1.0,0.0
0.9011878919141846,-0.5622170682206498,-0.9778205550886518,0.0,0.0,0.0,1.0,0.0,0.0,1.0,0.0
-0.8020419843784158,0.5850743545036237,-1.8336809971793755,0.0,0.0,1.0,0.0,0.0,1.0,0.0,0.0
0.7219005365149634,0.0,1.1618305501381574,0.0,0.0,0.0,0.0,1.0,1.0,0.0,0.0
0.45296950341613185,1.2839807382567017,0.4129526633087741,0.0,0.0,0.0,1.0,0.0,0.0,0.0,1.0
1.1701189250130162,-1.6806543431513032,-0.22894266825926865,0.0,0.0,0.0,1.0,0.0,1.0,0.0,0.0
-1.6984787613745214,-0.8884980879225719,-1.1917856656113328,0.0,0.0,0.0,0.0,1.0,0.0,1.0,0.0
0.632256858815353,0.8575753580586043,-0.4429077787819496,0.0,1.0,0.0,0.0,0.0,0.0,0.0,1.0
-0.6227546289791948,0.0,1.1618305501381574,0.0,0.0,0.0,0.0,1.0,1.0,0.0,0.0
-1.5191914059753002,1.239600533627617,0.09200499752475273,0.0,0.0,0.0,1.0,0.0,0.0,0.0,1.0
-1.2502603728764685,-0.41172655347207804,0.09200499752475273,0.0,1.0,0.0,0.0,0.0,0.0,1.0,0.0
-1.0709730174772474,-1.1663770930922468,-1.7266984419180351,0.0,1.0,0.0,0.0,0.0,0.0,1.0,0.0
0.632256858815353,-1.3411855281855225,-0.3359252235206091,0.0,0.0,0.0,0.0,1.0,0.0,0.0,1.0
-0.9813293397776369,-0.7825280734973812,-1.6197158866566947,0.0,0.0,0.0,1.0,0.0,0.0,0.0,1.0
1.5286936358114585,0.21647080035563018,0.0,0.0,0.0,1.0,0.0,0.0,1.0,0.0,0.0
1.1701189250130162,-0.08890616089613299,1.2688131053994978,0.0,0.0,0.0,1.0,0.0,1.0,0.0,0.0
0.3633258257165213,1.1796942721630674,0.0,1.0,0.0,0.0,0.0,0.0,0.0,0.0,1.0
-0.4434672735799736,0.3045764963737499,-1.7266984419180351,0.0,0.0,1.0,0.0,0.0,1.0,0.0,0.0
1.0804752473134056,-0.36804782731447516,1.4827782159221787,0.0,1.0,0.0,0.0,0.0,0.0,0.0,1.0
1.0804752473134056,-1.8363357985888409,-1.0848031103499924,0.0,0.0,1.0,0.0,0.0,1.0,0.0,0.0
0.3633258257165213,-1.2038828087008093,0.0,0.0,1.0,0.0,0.0,0.0,1.0,0.0,0.0
-0.7123983066788052,-0.26563197047812576,-1.2987682208726732,0.0,1.0,0.0,0.0,0.0,1.0,0.0,0.0
-1.6088350836749108,-0.13501667908820625,-0.6568728893046305,0.0,0.0,1.0,0.0,0.0,0.0,1.0,0.0
-1.5191914059753002,0.6603663771093417,0.0,0.0,1.0,0.0,0.0,0.0,1.0,0.0,0.0
1.5286936358114585,-0.31721402074775745,1.054847994876817,0.0,1.0,0.0,0.0,0.0,1.0,0.0,0.0
-0.26417991818075254,0.0,-0.014977557736587726,1.0,0.0,0.0,0.0,0.0,1.0,0.0,0.0
-1.6088350836749108,0.0,-1.7266984419180351,0.0,0.0,0.0,1.0,0.0,1.0,0.0,0.0
-1.6088350836749108,0.6802416004679939,-0.54989033404329,0.0,0.0,0.0,1.0,0.0,1.0,0.0,0.0
0.7219005365149634,-1.2832901716725542,-0.3359252235206091,1.0,0.0,0.0,0.0,0.0,0.0,0.0,1.0
0.27368214801691076,-0.7686855649934728,0.1989875527860932,0.0,0.0,1.0,0.0,0.0,1.0,0.0,0.0
1.5286936358114585,0.2055277362005134,1.1618305501381574,0.0,0.0,0.0,0.0,1.0,1.0,0.0,0.0
1.0804752473134056,-0.5913985726342945,0.0,0.0,0.0,0.0,0.0,1.0,1.0,0.0,0.0
1.1701189250130162,-0.316652837970572,-1.6197158866566947,0.0,0.0,0.0,0.0,1.0,0.0,0.0,1.0
-1.6984787613745214,1.6084846791642031,0.09200499752475273,1.0,0.0,0.0,0.0,0.0,1.0,0.0,0.0
-0.08489256278153143,-0.9451307831868729,0.0,1.0,0.0,0.0,0.0,0.0,0.0,0.0,1.0
-1.6088350836749108,-0.8296206615495291,-0.4429077787819496,0.0,1.0,0.0,0.0,0.0,0.0,0.0,1.0
0.5426131811157424,0.4995875114457028,-1.5127333313953542,0.0,0.0,0.0,0.0,1.0,0.0,1.0,0.0
1.0804752473134056,1.3484699924015993,-0.763855444565971,0.0,0.0,1.0,0.0,0.0,0.0,1.0,0.0
-1.2502603728764685,-1.5821200005238203,1.3757956606608384,0.0,0.0,1.0,0.0,0.0,0.0,1.0,0.0
1.0804752473134056,-0.23472015250149247,1.4827782159221787,0.0,0.0,0.0,0.0,1.0,0.0,1.0,0.0
-1.4295477282756897,-0.9012182308721094,0.9478654396154764,0.0,0.0,0.0,0.0,1.0,0.0,1.0,0.0
-0.8020419843784158,0.40638440520148167,1.2688131053994978,0.0,0.0,0.0,0.0,1.0,1.0,0.0,0.0
-0.26417991818075254,-0.20497746531066224,-1.7266984419180351,1.0,0.0,0.0,0.0,0.0,0.0,1.0,0.0
1.618337313511069,0.764278721351519,-0.9778205550886518,1.0,0.0,0.0,0.0,0.0,0.0,1.0,0.0
0.3633258257165213,-0.9493396540157639,1.054847994876817,1.0,0.0,0.0,0.0,0.0,1.0,0.0,0.0
-1.339904050576079,-1.8448938359409193,1.3757956606608384,0.0,0.0,0.0,1.0,0.0,0.0,0.0,1.0
1.2597626027126267,0.17919891090422815,1.6967433264448597,0.0,0.0,1.0,0.0,0.0,0.0,1.0,0.0
-1.2502603728764685,-1.8917993630673386,-0.3359252235206091,0.0,0.0,1.0,0.0,0.0,0.0,1.0,0.0
0.1840384703173002,1.4328812351365814,0.7339003290927956,0.0,1.0,0.0,0.0,0.0,0.0,0.0,1.0
-0.8020419843784158,-1.334544865322161,-1.0848031103499924,1.0,0.0,0.0,0.0,0.0,1.0,0.0,0.0
-0.35382359588036305,0.5176388907785022,-0.9778205550886518,0.0,0.0,0.0,1.0,0.0,0.0,0.0,1.0
1.1701189250130162,-1.377101225925393,1.4827782159221787,0.0,0.0,0.0,1.0,0.0,0.0,0.0,1.0
-0.9813293397776369,-1.825766856285181,-0.1219601129979282,0.0,0.0,1.0,0.0,0.0,0.0,1.0,0.0
-1.2502603728764685,0.6530710010059304,1.8037258817062,1.0,0.0,0.0,0.0,0.0,0.0,0.0,1.0
-0.35382359588036305,0.0,0.0,0.0,1.0,0.0,0.0,0.0,0.0,0.0,1.0
0.811544214214574,0.80725596903764,1.1618305501381574,1.0,0.0,0.0,0.0,0.0,0.0,1.0,0.0
-1.5191914059753002,0.0,-1.1917856656113328,0.0,0.0,0.0,0.0,1.0,0.0,1.0,0.0
0.004751114918079114,-1.164225892446369,1.054847994876817,1.0,0.0,0.0,0.0,0.0,0.0,1.0,0.0
1.4390499581118479,0.7000700585952141,-0.9778205550886518,0.0,0.0,0.0,0.0,1.0,0.0,1.0,0.0
-0.08489256278153143,1.0176527452507613,0.0,0.0,0.0,0.0,0.0,1.0,0.0,0.0,1.0
0.5426131811157424,1.7145482240522583,0.0,0.0,1.0,0.0,0.0,0.0,0.0,0.0,1.0
-1.5191914059753002,-0.6012192712350404,1.1618305501381574,0.0,0.0,1.0,0.0,0.0,1.0,0.0,0.0
-0.08489256278153143,-0.1473159349548546,-0.1219601129979282,1.0,0.0,0.0,0.0,0.0,1.0,0.0,0.0
0.004751114918079114,-0.5181642202115899,-0.22894266825926865,0.0,0.0,0.0,0.0,1.0,0.0,0.0,1.0
1.0804752473134056,1.3819538981069994,0.5199352185701146,1.0,0.0,0.0,0.0,0.0,1.0,0.0,0.0
-1.160616695176858,-1.337911961985274,1.3757956606608384,0.0,0.0,1.0,0.0,0.0,0.0,0.0,1.0
1.1701189250130162,0.7241541527827574,-1.6197158866566947,0.0,0.0,1.0,0.0,0.0,1.0,0.0,0.0
-0.17453624048114197,0.0,0.3059701080474337,0.0,0.0,0.0,1.0,0.0,0.0,1.0,0.0
-1.6984787613745214,0.18808430487633152,0.8408828843541359,0.0,0.0,1.0,0.0,0.0,1.0,0.0,0.0
-0.8020419843784158,-0.16803293247928508,0.4129526633087741,0.0,1.0,0.0,0.0,0.0,0.0,1.0,0.0
0.7219005365149634,0.0,-0.6568728893046305,0.0,0.0,0.0,0.0,1.0,0.0,1.0,0.0
0.45296950341613185,-0.7819668907201958,-0.54989033404329,0.0,0.0,0.0,1.0,0.0,0.0,1.0,0.0
0.27368214801691076,1.3551106552649608,-0.763855444565971,0.0,1.0,0.0,0.0,0.0,0.0,1.0,0.0
0.9908315696137951,-1.3874831073033242,-0.22894266825926865,1.0,0.0,0.0,0.0,0.0,1.0,0.0,0.0
0.9011878919141846,0.0,-1.0848031103499924,0.0,0.0,0.0,0.0,1.0,0.0,0.0,1.0
1.3494062804122373,0.04652594933129521,-1.7266984419180351,0.0,0.0,1.0,0.0,0.0,0.0,1.0,0.0
-1.160616695176858,-1.5925486471331836,1.2688131053994978,0.0,0.0,0.0,0.0,1.0,1.0,0.0,0.0
-0.35382359588036305,-0.22115823538617682,1.2688131053994978,1.0,0.0,0.0,0.0,0.0,0.0,1.0,0.0
0.5426131811157424,0.6287998458926586,-0.6568728893046305,0.0,0.0,0.0,1.0,0.0,1.0,0.0,0.0
-1.6088350836749108,0.5041237388946187,-0.8708379998273115,0.0,0.0,0.0,1.0,0.0,1.0,0.0,0.0
-1.6984787613745214,-0.7146249574579386,-0.763855444565971,0.0,0.0,0.0,1.0,0.0,1.0,0.0,0.0
-0.7123983066788052,-0.9991446254909749,-0.3359252235206091,0.0,0.0,1.0,0.0,0.0,0.0,0.0,1.0
-1.339904050576079,-0.16489966197333286,-0.22894266825926865,0.0,1.0,0.0,0.0,0.0,1.0,0.0,0.0
1.5286936358114585,-1.0728466302280009,-0.1219601129979282,0.0,1.0,0.0,0.0,0.0,1.0,0.0,0.0
1.0804752473134056,1.18591404794354,0.8408828843541359,0.0,0.0,0.0,0.0,1.0,0.0,0.0,1.0
-0.9813293397776369,1.5955774752889373,-1.7266984419180351,0.0,0.0,1.0,0.0,0.0,0.0,0.0,1.0
1.3494062804122373,0.5417229849660455,-0.6568728893046305,0.0,0.0,0.0,1.0,0.0,1.0,0.0,0.0
-0.08489256278153143,-0.2504800354941179,0.8408828843541359,0.0,0.0,0.0,1.0,0.0,0.0,0.0,1.0
-0.35382359588036305,0.7641851908886547,0.5199352185701146,1.0,0.0,0.0,0.0,0.0,1.0,0.0,0.0
-1.5191914059753002,1.7842751841175535,-0.014977557736587726,1.0,0.0,0.0,0.0,0.0,0.0,1.0,0.0
0.004751114918079114,-1.7681053259293733,1.4827782159221787,0.0,0.0,0.0,1.0,0.0,0.0,0.0,1.0
0.3633258257165213,0.0,-1.6197158866566947,0.0,0.0,0.0,1.0,0.0,0.0,0.0,1.0
1.1701189250130162,-0.8081554203221847,-1.6197158866566947,0.0,0.0,1.0,0.0,0.0,1.0,0.0,0.0
0.3633258257165213,0.0,1.2688131053994978,0.0,1.0,0.0,0.0,0.0,0.0,0.0,1.0
-0.8020419843784158,0.009674946962782288,-1.8336809971793755,1.0,0.0,0.0,0.0,0.0,1.0,0.0,0.0
-1.0709730174772474,0.7508103346990675,1.2688131053994978,0.0,1.0,0.0,0.0,0.0,0.0,1.0,0.0
1.4390499581118479,-1.5970848745820996,1.4827782159221787,0.0,0.0,1.0,0.0,0.0,0.0,0.0,1.0
1.618337313511069,0.1756447533153868,1.054847994876817,0.0,0.0,0.0,1.0,0.0,1.0,0.0,0.0
0.004751114918079114,0.6467109295311617,0.3059701080474337,0.0,1.0,0.0,0.0,0.0,1.0,0.0,0.0
1.3494062804122373,-1.1913029614455684,-0.54989033404329,0.0,0.0,0.0,1.0,0.0,0.0,1.0,0.0
0.45296950341613185,-1.553873800738818,0.9478654396154764,0.0,0.0,0.0,1.0,0.0,0.0,0.0,1.0
1.3494062804122373,-0.628810757779993,-1.1917856656113328,0.0,0.0,0.0,0.0,1.0,0.0,1.0,0.0
0.45296950341613185,1.7996141800272898,0.4129526633087741,0.0,1.0,0.0,0.0,0.0,1.0,0.0,0.0
0.811544214214574,1.593192448485899,-0.8708379998273115,0.0,1.0,0.0,0.0,0.0,1.0,0.0,0.0
-0.17453624048114197,1.554798193480126,-0.3359252235206091,0.0,0.0,0.0,1.0,0.0,0.0,0.0,1.0
-0.17453624048114197,0.0,-0.3359252235206091,0.0,0.0,1.0,0.0,0.0,1.0,0.0,0.0
-1.6088350836749108,1.1826872469747234,-1.5127333313953542,0.0,0.0,0.0,0.0,1.0,1.0,0.0,0.0
1.3494062804122373,-0.5313052502440165,1.4827782159221787,0.0,0.0,0.0,1.0,0.0,0.0,1.0,0.0
-0.35382359588036305,1.6246654492397177,0.5199352185701146,1.0,0.0,0.0,0.0,0.0,0.0,0.0,1.0
1.4390499581118479,-0.6080937602555625,-1.2987682208726732,1.0,0.0,0.0,0.0,0.0,0.0,0.0,1.0
1.1701189250130162,0.3625186181181503,0.6269177738314551,0.0,0.0,0.0,0.0,1.0,1.0,0.0,0.0
-1.4295477282756897,-1.2566807549876762,0.1989875527860932,0.0,0.0,1.0,0.0,0.0,1.0,0.0,0.0
1.1701189250130162,1.3353757276006049,0.1989875527860932,0.0,0.0,0.0,1.0,0.0,1.0,0.0,0.0
-0.5331109512795842,-0.03821265002371166,-0.6568728893046305,0.0,1.0,0.0,0.0,0.0,1.0,0.0,0.0
0.09439479261768965,-1.1420124075161107,1.5897607711835193,0.0,0.0,0.0,0.0,1.0,1.0,0.0,0.0
0.004751114918079114,0.20075768259443685,1.054847994876817,0.0,0.0,1.0,0.0,0.0,1.0,0.0,0.0
-1.0709730174772474,-0.521998969189024,-1.0848031103499924,0.0,1.0,0.0,0.0,0.0,1.0,0.0,0.0
-1.160616695176858,0.4860255943303871,-1.8336809971793755,1.0,0.0,0.0,0.0,0.0,1.0,0.0,0.0
-1.5191914059753002,0.987910058059931,0.4129526633087741,1.0,0.0,0.0,0.0,0.0,0.0,0.0,1.0
-0.26417991818075254,1.551711688205606,-1.2987682208726732,0.0,1.0,0.0,0.0,0.0,1.0,0.0,0.0
1.1701189250130162,1.0005834357780363,0.3059701080474337,0.0,0.0,0.0,0.0,1.0,0.0,1.0,0.0
-0.7123983066788052,-1.3004062463767112,1.4827782159221787,1.0,0.0,0.0,0.0,0.0,1.0,0.0,0.0
0.1840384703173002,-0.3625295300054846,1.8037258817062,0.0,0.0,0.0,1.0,0.0,1.0,0.0,0.0
0.1840384703173002,0.833117142019604,-0.3359252235206091,0.0,1.0,0.0,0.0,0.0,0.0,0.0,1.0
0.9011878919141846,-1.4111463144079786,-1.4057507761340138,0.0,1.0,0.0,0.0,0.0,0.0,0.0,1.0
1.618337313511069,0.43402265697786635,-1.2987682208726732,1.0,0.0,0.0,0.0,0.0,1.0,0.0,0.0
1.618337313511069,-0.7583972140784058,0.7339003290927956,0.0,0.0,0.0,0.0,1.0,0.0,1.0,0.0
-1.0709730174772474,-1.7472012674792143,1.1618305501381574,0.0,0.0,0.0,1.0,0.0,1.0,0.0,0.0
0.632256858815353,-1.314809937657805,-1.1917856656113328,0.0,0.0,0.0,0.0,1.0,1.0,0.0,0.0
0.632256858815353,-1.401793268121554,-0.54989033404329,0.0,0.0,1.0,0.0,0.0,0.0,1.0,0.0
1.2597626027126267,0.0,0.0,0.0,0.0,1.0,0.0,0.0,0.0,0.0,1.0
0.09439479261768965,-1.8117372868555441,-1.7266984419180351,1.0,0.0,0.0,0.0,0.0,1.0,0.0,0.0
0.9011878919141846,-0.32072141310516666,-1.0848031103499924,1.0,0.0,0.0,0.0,0.0,0.0,0.0,1.0
1.1701189250130162,-0.7407667218284955,-0.763855444565971,1.0,0.0,0.0,0.0,0.0,0.0,0.0,1.0
0.7219005365149634,-0.3918045648819936,1.5897607711835193,0.0,0.0,1.0,0.0,0.0,0.0,1.0,0.0
1.1701189250130162,-0.28012919222208393,0.0,0.0,0.0,0.0,0.0,1.0,0.0,1.0,0.0
-1.339904050576079,0.6934293957318526,0.1989875527860932,0.0,0.0,0.0,0.0,1.0,0.0,0.0,1.0
-0.08489256278153143,-0.3684219491659321,-0.6568728893046305,1.0,0.0,0.0,0.0,0.0,1.0,0.0,0.0
-1.4295477282756897,-0.008937615147202664,1.3757956606608384,0.0,0.0,0.0,1.0,0.0,1.0,0.0,0.0
1.3494062804122373,0.7942552346995098,0.9478654396154764,0.0,0.0,0.0,0.0,1.0,1.0,0.0,0.0
-0.26417991818075254,-0.25211681859424223,1.4827782159221787,0.0,0.0,1.0,0.0,0.0,1.0,0.0,0.0
0.7219005365149634,-1.6974430612354354,-0.8708379998273115,0.0,1.0,0.0,0.0,0.0,0.0,1.0,0.0
0.9011878919141846,1.5853358896053023,-1.6197158866566947,0.0,1.0,0.0,0.0,0.0,1.0,0.0,0.0
0.811544214214574,0.10334570552132465,0.9478654396154764,0.0,1.0,0.0,0.0,0.0,1.0,0.0,0.0
-1.2502603728764685,1.2426870389021372,1.8037258817062,0.0,0.0,0.0,1.0,0.0,1.0,0.0,0.0
1.3494062804122373,0.19813882963423796,1.3757956606608384,1.0,0.0,0.0,0.0,0.0,0.0,1.0,0.0
1.5286936358114585,-0.15049597069223897,-0.3359252235206091,0.0,0.0,1.0,0.0,0.0,1.0,0.0,0.0
0.3633258257165213,0.0,-0.22894266825926865,0.0,0.0,0.0,1.0,0.0,1.0,0.0,0.0
0.811544214214574,0.7410831665611859,-0.54989033404329,0.0,0.0,1.0,0.0,0.0,1.0,0.0,0.0
0.9908315696137951,-0.5160130195657123,1.8037258817062,0.0,0.0,1.0,0.0,0.0,0.0,0.0,1.0
1.3494062804122373,-0.2878454554083842,-0.763855444565971,1.0,0.0,0.0,0.0,0.0,1.0,0.0,0.0
1.1701189250130162,0.3502193622515019,0.0,0.0,1.0,0.0,0.0,0.0,0.0,1.0,0.0
0.09439479261768965,-0.7729879662852281,-0.763855444565971,1.0,0.0,0.0,0.0,0.0,1.0,0.0,0.0
1.0804752473134056,1.0017058013324074,1.2688131053994978,0.0,0.0,0.0,1.0,0.0,1.0,0.0,0.0
0.27368214801691076,0.657092810909093,1.8037258817062,0.0,0.0,0.0,1.0,0.0,0.0,0.0,1.0
1.1701189250130162,0.0,0.4129526633087741,0.0,0.0,0.0,1.0,0.0,1.0,0.0,0.0
-1.5191914059753002,-0.12131446627859421,1.3757956606608384,1.0,0.0,0.0,0.0,0.0,1.0,0.0,0.0
-0.17453624048114197,0.04923833275435834,-0.4429077787819496,0.0,0.0,1.0,0.0,0.0,0.0,1.0,0.0
0.45296950341613185,1.120629784864296,0.6269177738314551,0.0,0.0,1.0,0.0,0.0,1.0,0.0,0.0
0.9908315696137951,-0.31024600126437113,1.4827782159221787,0.0,0.0,0.0,0.0,1.0,0.0,0.0,1.0
-1.5191914059753002,1.6993495238368181,1.4827782159221787,0.0,0.0,0.0,1.0,0.0,0.0,1.0,0.0
0.3633258257165213,-0.03503261428632729,-0.3359252235206091,0.0,0.0,1.0,0.0,0.0,0.0,0.0,1.0
1.0804752473134056,0.9761719849704682,1.8037258817062,0.0,0.0,0.0,0.0,1.0,0.0,1.0,0.0
0.1840384703173002,-0.6273610356055972,0.0,0.0,0.0,1.0,0.0,0.0,1.0,0.0,0.0
0.27368214801691076,0.6903896556887646,-0.22894266825926865,0.0,0.0,0.0,1.0,0.0,0.0,1.0,0.0
-1.6088350836749108,-1.2435864901866818,-1.4057507761340138,0.0,1.0,0.0,0.0,0.0,0.0,1.0,0.0
0.632256858815353,0.0,0.3059701080474337,0.0,0.0,0.0,1.0,0.0,1.0,0.0,0.0
-1.6088350836749108,1.5427795290020705,0.0,1.0,0.0,0.0,0.0,0.0,1.0,0.0,0.0
0.5426131811157424,1.4945645753955517,0.09200499752475273,0.0,0.0,1.0,0.0,0.0,0.0,0.0,1.0
-0.26417991818075254,0.0,0.0,0.0,0.0,1.0,0.0,0.0,1.0,0.0,0.0
1.1701189250130162,0.2716537734455353,-1.5127333313953542,1.0,0.0,0.0,0.0,0.0,1.0,0.0,0.0
-0.9813293397776369,1.6885467553759979,1.1618305501381574,1.0,0.0,0.0,0.0,0.0,1.0,0.0,0.0
0.811544214214574,1.0144259442819448,0.09200499752475273,0.0,1.0,0.0,0.0,0.0,1.0,0.0,0.0
0.5426131811157424,0.0,0.0,0.0,0.0,1.0,0.0,0.0,0.0,1.0,0.0
1.3494062804122373,-0.4836982446461153,-0.8708379998273115,0.0,0.0,1.0,0.0,0.0,0.0,1.0,0.0
0.45296950341613185,0.0,0.7339003290927956,0.0,1.0,0.0,0.0,0.0,0.0,1.0,0.0
0.3633258257165213,0.09740652112944502,0.1989875527860932,0.0,0.0,0.0,0.0,1.0,1.0,0.0,0.0
-0.6227546289791948,-1.5495246342156304,0.09200499752475273,0.0,1.0,0.0,0.0,0.0,0.0,0.0,1.0
-1.160616695176858,-0.7186000021296691,0.5199352185701146,0.0,0.0,0.0,1.0,0.0,1.0,0.0,0.0
1.4390499581118479,0.0,0.6269177738314551,0.0,0.0,1.0,0.0,0.0,1.0,0.0,0.0
0.004751114918079114,-0.7582101531526773,-0.763855444565971,1.0,0.0,0.0,0.0,0.0,0.0,1.0,0.0
-1.6984787613745214,-0.5593176238718582,1.6967433264448597,0.0,0.0,0.0,1.0,0.0,1.0,0.0,0.0
-1.0709730174772474,-1.5378800915890318,1.054847994876817,0.0,0.0,1.0,0.0,0.0,1.0,0.0,0.0
-0.35382359588036305,0.9643871466495733,-1.4057507761340138,0.0,1.0,0.0,0.0,0.0,0.0,1.0,0.0
-0.5331109512795842,0.6190259125233449,0.0,0.0,0.0,0.0,1.0,0.0,0.0,1.0,0.0
-0.7123983066788052,-1.566827769845516,0.0,0.0,0.0,1.0,0.0,0.0,1.0,0.0,0.0
0.27368214801691076,0.0,-0.6568728893046305,0.0,0.0,0.0,0.0,1.0,1.0,0.0,0.0
-0.4434672735799736,1.6352343915433776,-1.5127333313953542,0.0,0.0,0.0,0.0,1.0,0.0,1.0,0.0
0.7219005365149634,0.9218775512777734,0.1989875527860932,1.0,0.0,0.0,0.0,0.0,0.0,1.0,0.0
1.2597626027126267,0.885213609834989,0.7339003290927956,0.0,0.0,1.0,0.0,0.0,0.0,0.0,1.0
-1.6088350836749108,-0.2848057153652962,-0.4429077787819496,0.0,0.0,0.0,0.0,1.0,1.0,0.0,0.0
1.0804752473134056,-1.0810773109600544,-0.763855444565971,0.0,1.0,0.0,0.0,0.0,0.0,0.0,1.0
0.27368214801691076,-0.7911328760808919,1.4827782159221787,0.0,0.0,1.0,0.0,0.0,0.0,0.0,1.0
0.1840384703173002,0.13332221886931547,-0.763855444565971,0.0,1.0,0.0,0.0,0.0,0.0,1.0,0.0
0.45296950341613185,1.139616468825738,-0.014977557736587726,0.0,1.0,0.0,0.0,0.0,1.0,0.0,0.0
0.1840384703173002,-1.0844444076231672,0.0,0.0,0.0,0.0,0.0,1.0,0.0,1.0,0.0
0.1840384703173002,-0.6949367950250148,-0.014977557736587726,0.0,0.0,1.0,0.0,0.0,1.0,0.0,0.0
-1.2502603728764685,-0.5424353753248617,0.5199352185701146,0.0,0.0,0.0,1.0,0.0,0.0,0.0,1.0
-0.4434672735799736,0.2689413900224722,-0.763855444565971,0.0,0.0,0.0,0.0,1.0,1.0,0.0,0.0
1.5286936358114585,0.08085162920247349,0.3059701080474337,0.0,0.0,0.0,0.0,1.0,0.0,1.0,0.0
1.1701189250130162,1.1214715590300743,-1.4057507761340138,0.0,0.0,1.0,0.0,0.0,0.0,1.0,0.0
-1.0709730174772474,0.8404125181230152,0.5199352185701146,0.0,0.0,1.0,0.0,0.0,0.0,1.0,0.0
-1.339904050576079,0.4356126748465585,0.7339003290927956,0.0,1.0,0.0,0.0,0.0,1.0,0.0,0.0
-1.4295477282756897,-0.7123334611177646,-0.8708379998273115,0.0,0.0,1.0,0.0,0.0,1.0,0.0,0.0
-1.2502603728764685,-0.3296535723087022,0.4129526633087741,0.0,1.0,0.0,0.0,0.0,0.0,0.0,1.0
1.0804752473134056,1.3504808973531806,0.09200499752475273,0.0,0.0,0.0,0.0,1.0,1.0,0.0,0.0
0.9011878919141846,-0.8902751667169926,0.0,1.0,0.0,0.0,0.0,0.0,0.0,1.0,0.0
1.3494062804122373,-1.7218545120430038,-1.1917856656113328,0.0,0.0,0.0,1.0,0.0,0.0,0.0,1.0
-0.35382359588036305,1.4048220962773075,0.0,0.0,0.0,0.0,0.0,1.0,0.0,1.0,0.0
-0.6227546289791948,0.050594524465889905,-1.8336809971793755,0.0,0.0,1.0,0.0,0.0,1.0,0.0,0.0
0.9011878919141846,-1.4444899244190823,-0.3359252235206091,0.0,0.0,0.0,1.0,0.0,0.0,1.0,0.0
-0.08489256278153143,0.0,-0.6568728893046305,1.0,0.0,0.0,0.0,0.0,0.0,0.0,1.0
-0.26417991818075254,0.04507622715689939,0.4129526633087741,1.0,0.0,0.0,0.0,0.0,0.0,0.0,1.0
-0.08489256278153143,0.2271332731221542,0.4129526633087741,0.0,1.0,0.0,0.0,0.0,0.0,1.0,0.0
0.7219005365149634,-1.4625880689833137,-0.1219601129979282,0.0,0.0,0.0,1.0,0.0,1.0,0.0,0.0
0.5426131811157424,-1.7955565167800296,1.1618305501381574,0.0,1.0,0.0,0.0,0.0,0.0,1.0,0.0
1.5286936358114585,-1.0130338992263155,-0.4429077787819496,0.0,0.0,0.0,0.0,1.0,1.0,0.0,0.0
0.5426131811157424,0.0,0.1989875527860932,0.0,0.0,0.0,1.0,0.0,0.0,1.0,0.0
0.27368214801691076,-1.37901860041411,1.5897607711835193,0.0,0.0,0.0,0.0,1.0,0.0,0.0,1.0
-0.9813293397776369,-0.4784137734942854,0.0,0.0,1.0,0.0,0.0,0.0,1.0,0.0,0.0
-0.7123983066788052,1.4463496217890328,-0.6568728893046305,0.0,0.0,0.0,1.0,0.0,1.0,0.0,0.0
-1.6984787613745214,-1.5655651085968487,0.1989875527860932,0.0,1.0,0.0,0.0,0.0,1.0,0.0,0.0
-1.6984787613745214,-0.9899318748988467,1.2688131053994978,0.0,0.0,0.0,1.0,0.0,0.0,0.0,1.0
1.2597626027126267,1.2572310258775274,-1.6197158866566947,0.0,1.0,0.0,0.0,0.0,0.0,1.0,0.0
1.0804752473134056,1.1359687807740324,1.054847994876817,1.0,0.0,0.0,0.0,0.0,0.0,0.0,1.0
0.45296950341613185,-0.35827389394516146,0.8408828843541359,0.0,1.0,0.0,0.0,0.0,1.0,0.0,0.0
-1.6984787613745214,0.5127753067095615,1.2688131053994978,1.0,0.0,0.0,0.0,0.0,0.0,1.0,0.0
-0.35382359588036305,-0.6780545464780184,-0.54989033404329,0.0,1.0,0.0,0.0,0.0,0.0,0.0,1.0
-1.339904050576079,1.332008630937492,-0.54989033404329,0.0,0.0,0.0,1.0,0.0,1.0,0.0,0.0
0.1840384703173002,-1.7921426548854846,-1.7266984419180351,0.0,0.0,0.0,1.0,0.0,1.0,0.0,0.0
0.811544214214574,0.615237928777343,-1.7266984419180351,0.0,0.0,0.0,1.0,0.0,1.0,0.0,0.0
-1.5191914059753002,-0.8537982861999367,0.8408828843541359,0.0,0.0,1.0,0.0,0.0,0.0,0.0,1.0
-0.7123983066788052,1.0675980124202686,-0.763855444565971,0.0,0.0,0.0,0.0,1.0,0.0,0.0,1.0
0.5426131811157424,0.377997909722183,-1.0848031103499924,0.0,0.0,0.0,1.0,0.0,1.0,0.0,0.0
-0.35382359588036305,0.41700011273657356,0.4129526633087741,1.0,0.0,0.0,0.0,0.0,0.0,0.0,1.0
1.5286936358114585,1.5788822876676694,0.1989875527860932,0.0,0.0,0.0,1.0,0.0,1.0,0.0,0.0
0.1840384703173002,1.2885169657056177,0.0,0.0,0.0,1.0,0.0,0.0,0.0,0.0,1.0
0.811544214214574,0.3903439308202635,1.1618305501381574,1.0,0.0,0.0,0.0,0.0,1.0,0.0,0.0
-0.5331109512795842,0.6318395859357466,0.8408828843541359,0.0,0.0,1.0,0.0,0.0,1.0,0.0,0.0
0.7219005365149634,0.32019608367207897,1.2688131053994978,1.0,0.0,0.0,0.0,0.0,0.0,1.0,0.0
-1.339904050576079,0.0,-0.1219601129979282,0.0,1.0,0.0,0.0,0.0,0.0,0.0,1.0
0.9011878919141846,-1.780451347027454,0.1989875527860932,0.0,0.0,0.0,0.0,1.0,0.0,0.0,1.0
-1.339904050576079,-0.8371498638101009,-0.22894266825926865,0.0,0.0,0.0,0.0,1.0,1.0,0.0,0.0
-0.7123983066788052,0.0,-1.1917856656113328,0.0,0.0,1.0,0.0,0.0,1.0,0.0,0.0
-0.35382359588036305,0.0,0.0,0.0,0.0,0.0,0.0,1.0,1.0,0.0,0.0
0.5426131811157424,0.08150634244252321,0.9478654396154764,0.0,0.0,1.0,0.0,0.0,0.0,1.0,0.0
0.5426131811157424,-1.0290276083761016,0.5199352185701146,0.0,0.0,1.0,0.0,0.0,0.0,1.0,0.0
0.09439479261768965,0.0,0.6269177738314551,0.0,0.0,1.0,0.0,0.0,1.0,0.0,0.0
1.4390499581118479,0.8015973760343531,-0.9778205550886518,0.0,0.0,0.0,0.0,1.0,0.0,0.0,1.0
1.1701189250130162,-0.3614539296825458,1.8037258817062,0.0,0.0,1.0,0.0,0.0,1.0,0.0,0.0
0.9011878919141846,1.633129956128932,0.1989875527860932,0.0,0.0,0.0,0.0,1.0,0.0,1.0,0.0
1.5286936358114585,0.9198666463261921,-0.1219601129979282,0.0,0.0,1.0,0.0,0.0,0.0,1.0,0.0
0.27368214801691076,1.6193342128564558,1.3757956606608384,0.0,0.0,0.0,1.0,0.0,1.0,0.0,0.0
-0.8916856620780264,1.210325498751108,-1.0848031103499924,0.0,0.0,1.0,0.0,0.0,0.0,0.0,1.0
-1.339904050576079,-0.2786794700476881,-0.3359252235206091,1.0,0.0,0.0,0.0,0.0,1.0,0.0,0.0
1.4390499581118479,-0.4127086233321526,1.3757956606608384,0.0,0.0,1.0,0.0,0.0,0.0,1.0,0.0
1.2597626027126267,1.4849777029519664,1.2688131053994978,0.0,1.0,0.0,0.0,0.0,0.0,0.0,1.0
0.9908315696137951,-1.300265950682415,0.1989875527860932,0.0,0.0,1.0,0.0,0.0,1.0,0.0,0.0
-0.8916856620780264,-0.16274846132745519,-0.6568728893046305,1.0,0.0,0.0,0.0,0.0,0.0,1.0,0.0
-0.08489256278153143,-0.4309938288221127,-0.1219601129979282,1.0,0.0,0.0,0.0,0.0,1.0,0.0,0.0
1.0804752473134056,1.0784475461125211,1.2688131053994978,0.0,0.0,0.0,0.0,1.0,1.0,0.0,0.0
-1.6984787613745214,0.0,1.1618305501381574,0.0,0.0,0.0,1.0,0.0,0.0,0.0,1.0
-1.339904050576079,1.411836880992126,0.09200499752475273,0.0,0.0,1.0,0.0,0.0,0.0,1.0,0.0
-1.4295477282756897,1.657868763556525,0.0,0.0,0.0,0.0,0.0,1.0,0.0,0.0,1.0
-0.35382359588036305,0.3145374906687921,1.6967433264448597,0.0,0.0,0.0,1.0,0.0,0.0,1.0,0.0
0.3633258257165213,-0.5393956352817738,-1.1917856656113328,0.0,0.0,1.0,0.0,0.0,1.0,0.0,0.0
-0.35382359588036305,0.06621411176421899,1.6967433264448597,0.0,1.0,0.0,0.0,0.0,0.0,1.0,0.0
-1.6088350836749108,-1.2865169726413708,0.1989875527860932,0.0,0.0,1.0,0.0,0.0,1.0,0.0,0.0
0.7219005365149634,0.9565773530004087,0.6269177738314551,1.0,0.0,0.0,0.0,0.0,0.0,1.0,0.0
1.0804752473134056,-1.8404979041862997,-0.8708379998273115,1.0,0.0,0.0,0.0,0.0,0.0,0.0,1.0
0.632256858815353,-0.6608449413109972,1.4827782159221787,0.0,1.0,0.0,0.0,0.0,1.0,0.0,0.0
0.004751114918079114,-1.669851574690483,-0.3359252235206091,0.0,0.0,0.0,0.0,1.0,0.0,0.0,1.0
0.3633258257165213,0.0,0.0,0.0,0.0,0.0,1.0,0.0,0.0,0.0,1.0
-0.7123983066788052,1.4873159645235725,-1.6197158866566947,0.0,0.0,1.0,0.0,0.0,1.0,0.0,0.0
1.3494062804122373,0.22203586289605282,0.0,1.0,0.0,0.0,0.0,0.0,1.0,0.0,0.0
1.1701189250130162,0.0,0.5199352185701146,0.0,0.0,0.0,0.0,1.0,0.0,0.0,1.0
1.1701189250130162,0.4396344847497211,-0.763855444565971,0.0,1.0,0.0,0.0,0.0,0.0,0.0,1.0
1.5286936358114585,1.0801310944440776,-1.0848031103499924,1.0,0.0,0.0,0.0,0.0,0.0,0.0,1.0
-0.7123983066788052,1.5347359091957453,1.1618305501381574,0.0,1.0,0.0,0.0,0.0,0.0,0.0,1.0
-1.5191914059753002,-1.483118005582016,1.2688131053994978,0.0,0.0,1.0,0.0,0.0,1.0,0.0,0.0
-1.6984787613745214,-0.9277341170941231,-0.8708379998273115,0.0,0.0,0.0,1.0,0.0,1.0,0.0,0.0
1.1701189250130162,1.6895288252360723,1.054847994876817,1.0,0.0,0.0,0.0,0.0,0.0,0.0,1.0
-0.8916856620780264,0.0,-0.54989033404329,1.0,0.0,0.0,0.0,0.0,0.0,1.0,0.0
0.811544214214574,-0.7936114333467944,1.4827782159221787,0.0,0.0,1.0,0.0,0.0,0.0,1.0,0.0
-0.6227546289791948,-0.1507765620808317,0.8408828843541359,0.0,0.0,0.0,0.0,1.0,1.0,0.0,0.0
-0.7123983066788052,-0.7450223578888185,0.4129526633087741,0.0,0.0,0.0,1.0,0.0,0.0,0.0,1.0
0.9908315696137951,-0.9164169310875494,-1.5127333313953542,1.0,0.0,0.0,0.0,0.0,0.0,0.0,1.0
-1.6088350836749108,1.7155302939123327,1.3757956606608384,0.0,0.0,0.0,1.0,0.0,1.0,0.0,0.0
1.3494062804122373,-0.9055673973952968,-0.014977557736587726,1.0,0.0,0.0,0.0,0.0,0.0,1.0,0.0
0.27368214801691076,-0.6410632484152092,0.6269177738314551,0.0,0.0,0.0,1.0,0.0,0.0,1.0,0.0
-0.26417991818075254,0.7754088464323642,0.5199352185701146,0.0,1.0,0.0,0.0,0.0,0.0,1.0,0.0
0.5426131811157424,0.1530571465336714,0.4129526633087741,1.0,0.0,0.0,0.0,0.0,1.0,0.0,0.0
-1.0709730174772474,-1.5422292581122192,-1.7266984419180351,0.0,0.0,0.0,1.0,0.0,0.0,1.0,0.0
0.811544214214574,-0.4299182284991739,0.0,0.0,0.0,0.0,0.0,1.0,1.0,0.0,0.0
0.5426131811157424,-0.6411100136466413,-0.763855444565971,0.0,1.0,0.0,0.0,0.0,1.0,0.0,0.0
-0.8916856620780264,-0.5401438789846877,1.054847994876817,0.0,1.0,0.0,0.0,0.0,0.0,0.0,1.0
0.5426131811157424,0.1766735884068935,1.4827782159221787,0.0,0.0,0.0,0.0,1.0,0.0,1.0,0.0
1.2597626027126267,-1.3583483681211117,-1.4057507761340138,0.0,0.0,0.0,1.0,0.0,1.0,0.0,0.0
-1.160616695176858,-0.6903538023446668,-0.8708379998273115,0.0,0.0,1.0,0.0,0.0,0.0,1.0,0.0
-1.4295477282756897,-1.2984888718879943,0.6269177738314551,0.0,0.0,0.0,0.0,1.0,0.0,1.0,0.0
-0.8020419843784158,-1.239424384589223,1.8037258817062,0.0,0.0,0.0,1.0,0.0,0.0,0.0,1.0
0.811544214214574,-1.6017613977253118,0.5199352185701146,0.0,0.0,0.0,0.0,1.0,1.0,0.0,0.0
1.4390499581118479,1.3134895992903715,-0.1219601129979282,0.0,0.0,0.0,0.0,1.0,0.0,0.0,1.0
0.45296950341613185,0.0,-1.8336809971793755,1.0,0.0,0.0,0.0,0.0,1.0,0.0,0.0
0.09439479261768965,1.643371541812567,1.3757956606608384,0.0,0.0,0.0,1.0,0.0,0.0,1.0,0.0
1.4390499581118479,-1.090056235395022,1.3757956606608384,0.0,0.0,1.0,0.0,0.0,1.0,0.0,0.0
-0.8916856620780264,-0.8127851782339648,1.6967433264448597,1.0,0.0,0.0,0.0,0.0,1.0,0.0,0.0
1.5286936358114585,0.4762516609610734,-0.9778205550886518,0.0,0.0,0.0,0.0,1.0,1.0,0.0,0.0
-0.9813293397776369,0.9237949257664905,0.4129526633087741,0.0,0.0,0.0,0.0,1.0,0.0,1.0,0.0
0.3633258257165213,1.7773539298655994,0.0,0.0,0.0,0.0,0.0,1.0,0.0,1.0,0.0
1.3494062804122373,0.5385429492286612,0.7339003290927956,0.0,0.0,0.0,1.0,0.0,0.0,1.0,0.0
1.3494062804122373,-1.7629611504718399,-0.014977557736587726,0.0,0.0,0.0,1.0,0.0,0.0,1.0,0.0
1.4390499581118479,1.705382238691562,-0.6568728893046305,1.0,0.0,0.0,0.0,0.0,0.0,1.0,0.0
-0.17453624048114197,-0.8768067800645412,-0.1219601129979282,0.0,0.0,1.0,0.0,0.0,0.0,1.0,0.0
1.0804752473134056,0.5676776884108738,-0.3359252235206091,1.0,0.0,0.0,0.0,0.0,0.0,1.0,0.0
0.3633258257165213,0.0,-0.3359252235206091,0.0,1.0,0.0,0.0,0.0,0.0,1.0,0.0
0.27368214801691076,-0.32899885906865245,-0.3359252235206091,0.0,0.0,0.0,0.0,1.0,0.0,1.0,0.0
1.0804752473134056,0.5834843366349314,-0.54989033404329,0.0,0.0,0.0,0.0,1.0,1.0,0.0,0.0
1.5286936358114585,-0.07375422591212513,0.0,0.0,0.0,0.0,0.0,1.0,0.0,0.0,1.0
-0.7123983066788052,-0.5700268618698143,1.4827782159221787,1.0,0.0,0.0,0.0,0.0,0.0,1.0,0.0
-0.6227546289791948,0.5864305462151552,-0.9778205550886518,1.0,0.0,0.0,0.0,0.0,0.0,0.0,1.0
0.27368214801691076,0.3792605709708503,0.1989875527860932,0.0,0.0,0.0,0.0,1.0,0.0,1.0,0.0
0.45296950341613185,1.0580579052081156,0.8408828843541359,1.0,0.0,0.0,0.0,0.0,0.0,1.0,0.0
1.3494062804122373,-0.40195262010276434,0.9478654396154764,0.0,0.0,0.0,1.0,0.0,1.0,0.0,0.0
0.9011878919141846,-1.6445048192542722,0.0,0.0,0.0,0.0,1.0,0.0,1.0,0.0,0.0
-0.26417991818075254,-1.560420933139315,-0.014977557736587726,1.0,0.0,0.0,0.0,0.0,1.0,0.0,0.0
0.004751114918079114,-1.3063454307685909,-0.54989033404329,0.0,0.0,0.0,0.0,1.0,1.0,0.0,0.0
0.45296950341613185,-0.9731431568147145,0.0,1.0,0.0,0.0,0.0,0.0,1.0,0.0,0.0
0.1840384703173002,0.0,-0.9778205550886518,1.0,0.0,0.0,0.0,0.0,0.0,0.0,1.0
-0.6227546289791948,-1.8150108530557927,-0.6568728893046305,1.0,0.0,0.0,0.0,0.0,1.0,0.0,0.0
-0.08489256278153143,0.3506870145658232,0.09200499752475273,0.0,1.0,0.0,0.0,0.0,0.0,1.0,0.0
1.4390499581118479,-0.6715541793089533,-1.1917856656113328,0.0,0.0,0.0,1.0,0.0,0.0,0.0,1.0
-0.7123983066788052,-0.673705379954831,1.8037258817062,0.0,0.0,1.0,0.0,0.0,0.0,0.0,1.0
-0.08489256278153143,-0.12313831030444701,-0.014977557736587726,0.0,0.0,1.0,0.0,0.0,0.0,1.0,0.0
-0.7123983066788052,-0.831117148955357,-0.22894266825926865,0.0,1.0,0.0,0.0,0.0,1.0,0.0,0.0
-0.9813293397776369,-1.0359488626280557,-1.5127333313953542,1.0,0.0,0.0,0.0,0.0,1.0,0.0,0.0
-1.160616695176858,-0.8992073259205281,0.7339003290927956,0.0,1.0,0.0,0.0,0.0,0.0,0.0,1.0
0.7219005365149634,-0.06781504152024552,1.4827782159221787,0.0,1.0,0.0,0.0,0.0,0.0,1.0,0.0
-0.5331109512795842,-1.6374900345394539,-0.54989033404329,0.0,0.0,0.0,0.0,1.0,0.0,1.0,0.0
0.9908315696137951,-0.20329391697910582,-0.1219601129979282,0.0,0.0,0.0,1.0,0.0,1.0,0.0,0.0
-0.08489256278153143,1.3152666780847921,-1.2987682208726732,0.0,0.0,1.0,0.0,0.0,0.0,0.0,1.0
-0.35382359588036305,-1.5002340802861729,0.09200499752475273,1.0,0.0,0.0,0.0,0.0,1.0,0.0,0.0
-1.339904050576079,1.5678924582811204,-0.54989033404329,0.0,0.0,1.0,0.0,0.0,1.0,0.0,0.0
1.3494062804122373,-0.47158604970519546,0.8408828843541359,0.0,0.0,1.0,0.0,0.0,0.0,1.0,0.0
-0.7123983066788052,-0.07861780998106592,-0.4429077787819496,0.0,0.0,0.0,1.0,0.0,0.0,0.0,1.0
0.45296950341613185,0.9819241084366194,1.3757956606608384,0.0,0.0,1.0,0.0,0.0,0.0,0.0,1.0
0.09439479261768965,-0.09185237047635673,-1.5127333313953542,0.0,0.0,1.0,0.0,0.0,0.0,0.0,1.0
1.4390499581118479,-1.6431486275427407,0.0,0.0,1.0,0.0,0.0,0.0,0.0,1.0,0.0
0.27368214801691076,0.19023550552220916,0.7339003290927956,0.0,0.0,0.0,1.0,0.0,0.0,1.0,0.0
-0.35382359588036305,0.6001795242561994,-0.54989033404329,0.0,0.0,0.0,0.0,1.0,0.0,1.0,0.0
-0.5331109512795842,0.5287690158593475,0.0,1.0,0.0,0.0,0.0,0.0,0.0,1.0,0.0
0.9908315696137951,-1.1943894667200885,1.054847994876817,0.0,0.0,1.0,0.0,0.0,0.0,1.0,0.0
-1.339904050576079,-1.8830074995580994,1.2688131053994978,1.0,0.0,0.0,0.0,0.0,0.0,0.0,1.0
1.3494062804122373,0.0,-1.6197158866566947,0.0,0.0,0.0,0.0,1.0,1.0,0.0,0.0
0.27368214801691076,0.32950236472707145,1.054847994876817,1.0,0.0,0.0,0.0,0.0,0.0,0.0,1.0
0.811544214214574,-1.3681223014904254,-1.6197158866566947,0.0,0.0,0.0,0.0,1.0,1.0,0.0,0.0
-0.8020419843784158,-0.5728795409871739,1.6967433264448597,0.0,1.0,0.0,0.0,0.0,0.0,1.0,0.0
-0.17453624048114197,1.7907287860551866,-0.22894266825926865,0.0,0.0,1.0,0.0,0.0,1.0,0.0,0.0
-0.7123983066788052,0.4786834529955438,0.4129526633087741,0.0,0.0,0.0,0.0,1.0,0.0,0.0,1.0
-0.9813293397776369,-0.2927558047087571,1.4827782159221787,1.0,0.0,0.0,0.0,0.0,0.0,0.0,1.0
-0.8916856620780264,-1.5001873150547407,-1.0848031103499924,0.0,0.0,1.0,0.0,0.0,1.0,0.0,0.0
-0.26417991818075254,0.0,0.0,0.0,1.0,0.0,0.0,0.0,0.0,1.0,0.0
1.618337313511069,1.5878144468712048,-1.2987682208726732,0.0,0.0,1.0,0.0,0.0,0.0,1.0,0.0
-1.160616695176858,-1.66868244390468,-0.4429077787819496,0.0,0.0,0.0,0.0,1.0,0.0,0.0,1.0
-0.6227546289791948,0.39642341090643946,1.4827782159221787,0.0,1.0,0.0,0.0,0.0,1.0,0.0,0.0
-0.9813293397776369,0.6464771033740011,1.8037258817062,1.0,0.0,0.0,0.0,0.0,1.0,0.0,0.0
0.632256858815353,-0.515919489102848,-0.8708379998273115,0.0,1.0,0.0,0.0,0.0,0.0,1.0,0.0
-1.6088350836749108,0.9035455805563812,-1.6197158866566947,0.0,1.0,0.0,0.0,0.0,0.0,0.0,1.0
-1.339904050576079,-0.6641652727426779,-0.6568728893046305,0.0,0.0,0.0,1.0,0.0,0.0,1.0,0.0
0.811544214214574,-0.5039475898562246,1.3757956606608384,0.0,1.0,0.0,0.0,0.0,1.0,0.0,0.0
1.5286936358114585,-0.5509934126769402,1.1618305501381574,0.0,1.0,0.0,0.0,0.0,0.0,0.0,1.0
1.618337313511069,0.993989538146107,0.0,0.0,0.0,1.0,0.0,0.0,0.0,0.0,1.0
-0.08489256278153143,-0.6850225659614048,0.7339003290927956,1.0,0.0,0.0,0.0,0.0,1.0,0.0,0.0
-1.0709730174772474,-1.6198127770581112,1.3757956606608384,0.0,0.0,1.0,0.0,0.0,0.0,0.0,1.0
-1.6984787613745214,0.0,0.3059701080474337,0.0,0.0,1.0,0.0,0.0,0.0,1.0,0.0
0.1840384703173002,0.041942956650947154,0.1989875527860932,0.0,0.0,0.0,0.0,1.0,0.0,1.0,0.0
-0.26417991818075254,1.098837187016927,0.4129526633087741,0.0,0.0,1.0,0.0,0.0,1.0,0.0,0.0
-1.160616695176858,0.0,-1.5127333313953542,0.0,0.0,0.0,1.0,0.0,0.0,1.0,0.0
0.45296950341613185,-0.9451307831868729,-0.54989033404329,0.0,0.0,0.0,1.0,0.0,1.0,0.0,0.0
-1.4295477282756897,0.5544898931470151,0.1989875527860932,0.0,0.0,0.0,0.0,1.0,1.0,0.0,0.0
1.4390499581118479,-0.5005804931931117,0.0,1.0,0.0,0.0,0.0,0.0,0.0,1.0,0.0
-1.2502603728764685,0.4273819941145049,-0.1219601129979282,1.0,0.0,0.0,0.0,0.0,1.0,0.0,0.0
0.9908315696137951,-0.3652419134285478,1.5897607711835193,0.0,0.0,1.0,0.0,0.0,0.0,1.0,0.0
-0.08489256278153143,1.333130996491863,-1.8336809971793755,0.0,0.0,1.0,0.0,0.0,0.0,0.0,1.0
0.632256858815353,0.251404428235426,-0.3359252235206091,0.0,0.0,1.0,0.0,0.0,0.0,0.0,1.0
-0.8916856620780264,1.6140029764731938,-0.54989033404329,1.0,0.0,0.0,0.0,0.0,1.0,0.0,0.0
0.5426131811157424,0.1223791547141987,-0.1219601129979282,0.0,1.0,0.0,0.0,0.0,0.0,1.0,0.0
-0.08489256278153143,-0.06042613495397008,0.6269177738314551,0.0,0.0,0.0,1.0,0.0,0.0,1.0,0.0
-1.5191914059753002,0.5367658704342405,-1.0848031103499924,0.0,1.0,0.0,0.0,0.0,0.0,0.0,1.0
-0.6227546289791948,-0.10438545250016569,0.9478654396154764,0.0,1.0,0.0,0.0,0.0,0.0,0.0,1.0
0.7219005365149634,1.5679392235125527,0.5199352185701146,1.0,0.0,0.0,0.0,0.0,1.0,0.0,0.0
0.004751114918079114,0.3739293345875883,-1.0848031103499924,0.0,1.0,0.0,0.0,0.0,1.0,0.0,0.0
0.7219005365149634,-0.24800147822821542,-1.0848031103499924,0.0,0.0,0.0,0.0,1.0,1.0,0.0,0.0
-1.0709730174772474,1.5736445817472715,0.8408828843541359,0.0,0.0,1.0,0.0,0.0,1.0,0.0,0.0
-1.6984787613745214,1.5840264631252028,-0.54989033404329,0.0,0.0,0.0,0.0,1.0,1.0,0.0,0.0
-1.5191914059753002,-0.8586151050374453,1.054847994876817,0.0,0.0,0.0,1.0,0.0,0.0,0.0,1.0
-0.6227546289791948,0.9769202286733821,0.7339003290927956,0.0,0.0,1.0,0.0,0.0,1.0,0.0,0.0
0.7219005365149634,0.0,-0.22894266825926865,0.0,1.0,0.0,0.0,0.0,1.0,0.0,0.0
0.45296950341613185,0.3910454092917453,-1.7266984419180351,0.0,0.0,0.0,1.0,0.0,0.0,1.0,0.0
1.1701189250130162,-1.609805017531637,-0.014977557736587726,0.0,0.0,1.0,0.0,0.0,1.0,0.0,0.0
1.618337313511069,-0.6251163044968553,-0.1219601129979282,0.0,1.0,0.0,0.0,0.0,0.0,1.0,0.0
-1.2502603728764685,0.197016464079867,1.2688131053994978,0.0,0.0,0.0,0.0,1.0,0.0,0.0,1.0
1.0804752473134056,0.7573107018681327,0.0,0.0,0.0,1.0,0.0,0.0,0.0,0.0,1.0
0.09439479261768965,0.43388236128357,1.4827782159221787,0.0,1.0,0.0,0.0,0.0,1.0,0.0,0.0
-0.35382359588036305,0.5394314886258715,1.1618305501381574,0.0,0.0,0.0,0.0,1.0,0.0,0.0,1.0
0.09439479261768965,-0.8133931262425824,1.2688131053994978,0.0,0.0,0.0,1.0,0.0,1.0,0.0,0.0
-0.8020419843784158,0.0,-0.014977557736587726,0.0,0.0,0.0,1.0,0.0,1.0,0.0,0.0
1.5286936358114585,0.0,-0.54989033404329,0.0,0.0,0.0,1.0,0.0,1.0,0.0,0.0
1.4390499581118479,1.2994132646293024,0.3059701080474337,0.0,0.0,0.0,1.0,0.0,0.0,0.0,1.0
1.3494062804122373,1.1621105451445892,1.2688131053994978,1.0,0.0,0.0,0.0,0.0,1.0,0.0,0.0
-0.08489256278153143,-1.4830712403505837,0.3059701080474337,0.0,0.0,1.0,0.0,0.0,0.0,0.0,1.0
0.004751114918079114,-0.738334929794025,-0.1219601129979282,0.0,0.0,1.0,0.0,0.0,1.0,0.0,0.0
-0.17453624048114197,1.0277540352400998,0.09200499752475273,1.0,0.0,0.0,0.0,0.0,0.0,1.0,0.0
-0.5331109512795842,0.47961875762418626,-0.3359252235206091,0.0,1.0,0.0,0.0,0.0,0.0,0.0,1.0
-0.4434672735799736,1.4420004552658454,0.0,0.0,1.0,0.0,0.0,0.0,0.0,0.0,1.0
0.9908315696137951,0.0,-0.8708379998273115,0.0,0.0,0.0,1.0,0.0,1.0,0.0,0.0
-1.6984787613745214,0.4206478007882792,1.3757956606608384,0.0,0.0,0.0,0.0,1.0,0.0,0.0,1.0
-1.5191914059753002,-1.8175829407845594,0.5199352185701146,0.0,1.0,0.0,0.0,0.0,0.0,0.0,1.0
-0.35382359588036305,0.0,1.2688131053994978,0.0,0.0,0.0,0.0,1.0,0.0,1.0,0.0
0.27368214801691076,-0.34938849997305804,1.5897607711835193,0.0,0.0,1.0,0.0,0.0,0.0,1.0,0.0
-0.8020419843784158,1.1265689692561758,-0.9778205550886518,0.0,0.0,0.0,0.0,1.0,1.0,0.0,0.0
-0.7123983066788052,0.0,-1.8336809971793755,0.0,0.0,1.0,0.0,0.0,0.0,1.0,0.0
-0.8916856620780264,-1.7491186419679314,1.8037258817062,1.0,0.0,0.0,0.0,0.0,1.0,0.0,0.0
1.0804752473134056,-0.7065345724201814,-0.763855444565971,1.0,0.0,0.0,0.0,0.0,1.0,0.0,0.0
-0.35382359588036305,-1.270242672102992,0.0,0.0,0.0,0.0,1.0,0.0,1.0,0.0,0.0
-1.0709730174772474,0.970793983355774,-0.22894266825926865,0.0,1.0,0.0,0.0,0.0,0.0,0.0,1.0
1.618337313511069,-0.7466123757575108,-0.9778205550886518,0.0,0.0,0.0,1.0,0.0,0.0,1.0,0.0
-0.7123983066788052,-0.6622478982539609,1.4827782159221787,0.0,0.0,1.0,0.0,0.0,1.0,0.0,0.0
0.3633258257165213,0.25121736730969757,-0.3359252235206091,0.0,0.0,0.0,1.0,0.0,0.0,1.0,0.0
0.7219005365149634,1.199242138901695,-0.6568728893046305,0.0,0.0,0.0,0.0,1.0,1.0,0.0,0.0
-1.0709730174772474,-1.362650769412867,1.5897607711835193,0.0,0.0,1.0,0.0,0.0,1.0,0.0,0.0
0.7219005365149634,-0.6000033752178052,-0.4429077787819496,1.0,0.0,0.0,0.0,0.0,0.0,1.0,0.0
1.4390499581118479,1.5594279513919063,-1.0848031103499924,0.0,1.0,0.0,0.0,0.0,1.0,0.0,0.0
0.5426131811157424,-0.333394790823272,-1.0848031103499924,0.0,0.0,1.0,0.0,0.0,0.0,0.0,1.0
-1.0709730174772474,0.7321042421262183,0.9478654396154764,0.0,0.0,1.0,0.0,0.0,1.0,0.0,0.0
0.7219005365149634,-0.9120677645643619,-0.6568728893046305,0.0,0.0,0.0,0.0,1.0,0.0,0.0,1.0
0.7219005365149634,0.0,-1.8336809971793755,0.0,1.0,0.0,0.0,0.0,1.0,0.0,0.0
1.5286936358114585,0.0,-0.763855444565971,1.0,0.0,0.0,0.0,0.0,1.0,0.0,0.0
1.4390499581118479,1.4929277922954274,1.3757956606608384,0.0,0.0,1.0,0.0,0.0,1.0,0.0,0.0
0.632256858815353,0.0,-0.1219601129979282,0.0,0.0,1.0,0.0,0.0,1.0,0.0,0.0
-0.26417991818075254,-1.8346522502572844,1.5897607711835193,0.0,0.0,0.0,0.0,1.0,0.0,1.0,0.0
-0.9813293397776369,1.7937685260982745,1.4827782159221787,0.0,0.0,0.0,1.0,0.0,1.0,0.0,0.0
1.1701189250130162,0.0,1.1618305501381574,1.0,0.0,0.0,0.0,0.0,1.0,0.0,0.0
0.004751114918079114,-0.41626278092099395,0.3059701080474337,0.0,1.0,0.0,0.0,0.0,0.0,1.0,0.0
-0.6227546289791948,-0.9712725475574296,0.0,0.0,0.0,1.0,0.0,0.0,0.0,1.0,0.0
0.7219005365149634,0.5512630921781987,0.5199352185701146,0.0,0.0,1.0,0.0,0.0,1.0,0.0,0.0
0.811544214214574,1.3807380020897642,-1.2987682208726732,1.0,0.0,0.0,0.0,0.0,1.0,0.0,0.0
-0.6227546289791948,-0.5804087432477456,0.4129526633087741,0.0,0.0,0.0,1.0,0.0,1.0,0.0,0.0
1.3494062804122373,-1.7974271260373145,-1.0848031103499924,0.0,0.0,1.0,0.0,0.0,1.0,0.0,0.0
-1.2502603728764685,1.3812056544040854,0.0,1.0,0.0,0.0,0.0,0.0,0.0,0.0,1.0
-0.17453624048114197,-0.9700098863087623,-0.763855444565971,0.0,0.0,0.0,0.0,1.0,0.0,0.0,1.0
-1.339904050576079,1.6333170170546605,0.6269177738314551,0.0,0.0,0.0,1.0,0.0,1.0,0.0,0.0
0.45296950341613185,-1.1555275593999943,0.3059701080474337,0.0,1.0,0.0,0.0,0.0,0.0,0.0,1.0
-1.6088350836749108,-1.876694193314763,-1.7266984419180351,0.0,0.0,1.0,0.0,0.0,0.0,1.0,0.0
-0.8916856620780264,-0.15802517295281077,0.09200499752475273,1.0,0.0,0.0,0.0,0.0,1.0,0.0,0.0
0.9011878919141846,-1.771051535509597,1.054847994876817,0.0,0.0,0.0,0.0,1.0,0.0,0.0,1.0
-1.339904050576079,0.9130389225371022,-0.1219601129979282,0.0,1.0,0.0,0.0,0.0,1.0,0.0,0.0
1.1701189250130162,1.8130825666797412,-1.2987682208726732,1.0,0.0,0.0,0.0,0.0,0.0,0.0,1.0
-1.6984787613745214,-1.489244250899624,0.09200499752475273,1.0,0.0,0.0,0.0,0.0,0.0,0.0,1.0
-0.17453624048114197,0.2202120188702,1.054847994876817,0.0,1.0,0.0,0.0,0.0,0.0,0.0,1.0
1.0804752473134056,-1.1449118518649024,-1.7266984419180351,0.0,0.0,0.0,0.0,1.0,0.0,0.0,1.0
-0.8020419843784158,0.6752377207047567,-1.5127333313953542,0.0,0.0,0.0,0.0,1.0,0.0,1.0,0.0
0.09439479261768965,-0.503386407079039,0.4129526633087741,0.0,0.0,0.0,1.0,0.0,1.0,0.0,0.0
0.5426131811157424,1.484790642026238,0.8408828843541359,0.0,0.0,1.0,0.0,0.0,1.0,0.0,0.0
0.45296950341613185,0.8665542824935719,0.0,0.0,1.0,0.0,0.0,0.0,0.0,1.0,0.0
0.1840384703173002,-1.8628984500422867,1.4827782159221787,0.0,1.0,0.0,0.0,0.0,0.0,0.0,1.0
0.632256858815353,1.5591473600033134,-0.1219601129979282,0.0,1.0,0.0,0.0,0.0,0.0,1.0,0.0
-0.6227546289791948,0.33282269615875215,0.09200499752475273,0.0,0.0,0.0,0.0,1.0,0.0,0.0,1.0
1.1701189250130162,1.755935453869687,1.8037258817062,0.0,0.0,1.0,0.0,0.0,0.0,1.0,0.0
1.2597626027126267,0.0,0.0,0.0,0.0,0.0,1.0,0.0,1.0,0.0,0.0
1.3494062804122373,-0.06304498791416897,-1.8336809971793755,1.0,0.0,0.0,0.0,0.0,1.0,0.0,0.0
-1.6984787613745214,-0.08081577585837571,-0.014977557736587726,1.0,0.0,0.0,0.0,0.0,1.0,0.0,0.0
0.09439479261768965,0.0,1.5897607711835193,0.0,1.0,0.0,0.0,0.0,0.0,0.0,1.0
-1.2502603728764685,1.13811998141991,-0.6568728893046305,0.0,0.0,1.0,0.0,0.0,0.0,0.0,1.0
0.7219005365149634,1.4641204097332394,-1.0848031103499924,0.0,0.0,0.0,0.0,1.0,1.0,0.0,0.0
-0.26417991818075254,-0.698771544002449,0.0,0.0,0.0,1.0,0.0,0.0,0.0,1.0,0.0
-1.339904050576079,-0.4176657378639576,0.0,0.0,0.0,1.0,0.0,0.0,1.0,0.0,0.0
0.9908315696137951,-0.43052617650779146,-1.5127333313953542,0.0,0.0,0.0,0.0,1.0,0.0,0.0,1.0
-1.339904050576079,-0.8780694413132085,0.9478654396154764,0.0,1.0,0.0,0.0,0.0,0.0,1.0,0.0
1.618337313511069,1.7185232687239886,-0.9778205550886518,0.0,0.0,1.0,0.0,0.0,1.0,0.0,0.0
-1.5191914059753002,0.13065660067768448,0.0,1.0,0.0,0.0,0.0,0.0,0.0,0.0,1.0
0.27368214801691076,-0.6469089023442246,-0.6568728893046305,0.0,0.0,0.0,0.0,1.0,1.0,0.0,0.0
1.5286936358114585,-0.6909149851218523,1.3757956606608384,0.0,0.0,0.0,1.0,0.0,1.0,0.0,0.0
1.5286936358114585,1.6796145961724622,0.6269177738314551,0.0,1.0,0.0,0.0,0.0,0.0,0.0,1.0
-0.8916856620780264,0.21319723415538155,-0.4429077787819496,0.0,0.0,0.0,0.0,1.0,0.0,0.0,1.0
-0.8916856620780264,-1.3370234225880635,0.7339003290927956,0.0,0.0,0.0,1.0,0.0,0.0,0.0,1.0
-0.08489256278153143,-0.531492311169745,1.6967433264448597,0.0,0.0,0.0,1.0,0.0,0.0,0.0,1.0
-0.26417991818075254,-1.0762137268911136,-1.6197158866566947,0.0,0.0,1.0,0.0,0.0,1.0,0.0,0.0
0.09439479261768965,0.20809982392928014,0.6269177738314551,0.0,0.0,1.0,0.0,0.0,0.0,1.0,0.0
-0.5331109512795842,0.0672429468557257,-0.9778205550886518,0.0,0.0,1.0,0.0,0.0,1.0,0.0,0.0
-0.9813293397776369,0.35414764169180024,0.8408828843541359,0.0,0.0,0.0,0.0,1.0,0.0,1.0,0.0
-1.6984787613745214,0.7606310332998133,0.0,0.0,0.0,0.0,0.0,1.0,0.0,0.0,1.0
-0.6227546289791948,0.0,-0.8708379998273115,0.0,1.0,0.0,0.0,0.0,0.0,1.0,0.0
-1.4295477282756897,-0.9734705134347394,0.09200499752475273,0.0,0.0,1.0,0.0,0.0,1.0,0.0,0.0
-1.6984787613745214,-0.6578987317307735,-1.6197158866566947,0.0,0.0,0.0,1.0,0.0,1.0,0.0,0.0
1.0804752473134056,-0.8189581887830051,0.0,1.0,0.0,0.0,0.0,0.0,0.0,0.0,1.0
1.2597626027126267,1.7541583750752663,-1.4057507761340138,0.0,1.0,0.0,0.0,0.0,1.0,0.0,0.0
0.7219005365149634,0.0,-1.6197158866566947,0.0,0.0,0.0,0.0,1.0,0.0,0.0,1.0
0.9908315696137951,1.181751942346081,0.9478654396154764,0.0,1.0,0.0,0.0,0.0,1.0,0.0,0.0
-1.0709730174772474,0.3910454092917453,-0.22894266825926865,0.0,1.0,0.0,0.0,0.0,1.0,0.0,0.0
0.5426131811157424,-0.357712711167976,-0.3359252235206091,0.0,1.0,0.0,0.0,0.0,0.0,0.0,1.0
1.2597626027126267,-0.6488730420643737,1.8037258817062,0.0,1.0,0.0,0.0,0.0,0.0,1.0,0.0
-1.5191914059753002,1.1005207353484832,0.0,1.0,0.0,0.0,0.0,0.0,1.0,0.0,0.0
-0.7123983066788052,0.0,0.8408828843541359,0.0,0.0,1.0,0.0,0.0,0.0,1.0,0.0
-1.6984787613745214,-1.6902412155948885,1.6967433264448597,0.0,0.0,0.0,1.0,0.0,1.0,0.0,0.0
-1.339904050576079,-0.26460313538661906,0.5199352185701146,0.0,1.0,0.0,0.0,0.0,1.0,0.0,0.0
0.9011878919141846,0.0,1.3757956606608384,0.0,1.0,0.0,0.0,0.0,1.0,0.0,0.0
0.9011878919141846,1.37227349520055,0.1989875527860932,0.0,1.0,0.0,0.0,0.0,1.0,0.0,0.0
-0.26417991818075254,-0.26867171052121375,-0.6568728893046305,0.0,0.0,1.0,0.0,0.0,0.0,1.0,0.0
0.27368214801691076,0.2933528408300404,0.5199352185701146,0.0,0.0,0.0,0.0,1.0,0.0,1.0,0.0
-0.4434672735799736,1.3355627885263335,-1.5127333313953542,0.0,0.0,0.0,0.0,1.0,1.0,0.0,0.0
1.5286936358114585,0.0,0.5199352185701146,1.0,0.0,0.0,0.0,0.0,1.0,0.0,0.0
0.09439479261768965,0.9577932490176438,0.0,0.0,0.0,0.0,0.0,1.0,0.0,1.0,0.0
-0.5331109512795842,1.2560151298602922,0.7339003290927956,0.0,1.0,0.0,0.0,0.0,0.0,0.0,1.0
-1.6088350836749108,1.1168885663497263,-1.7266984419180351,0.0,1.0,0.0,0.0,0.0,0.0,0.0,1.0
-0.8020419843784158,-1.264116426785384,1.2688131053994978,0.0,1.0,0.0,0.0,0.0,0.0,1.0,0.0
1.618337313511069,-0.8821847816792353,-1.6197158866566947,1.0,0.0,0.0,0.0,0.0,1.0,0.0,0.0
1.2597626027126267,0.9622359460036956,0.3059701080474337,0.0,1.0,0.0,0.0,0.0,1.0,0.0,0.0
1.618337313511069,-1.318925278023832,0.7339003290927956,0.0,0.0,0.0,0.0,1.0,0.0,0.0,1.0
1.2597626027126267,0.5350823221026841,0.1989875527860932,0.0,0.0,1.0,0.0,0.0,0.0,0.0,1.0
-0.17453624048114197,0.18457691251892228,0.4129526633087741,0.0,0.0,1.0,0.0,0.0,0.0,1.0,0.0
0.9011878919141846,-0.3457875771527846,0.3059701080474337,0.0,0.0,0.0,1.0,0.0,0.0,0.0,1.0
-0.4434672735799736,1.6637144174855405,0.0,0.0,0.0,0.0,0.0,1.0,0.0,1.0,0.0
0.632256858815353,1.4248843805616884,-0.3359252235206091,0.0,1.0,0.0,0.0,0.0,0.0,0.0,1.0
1.2597626027126267,1.6754992558064354,-0.3359252235206091,0.0,0.0,1.0,0.0,0.0,0.0,0.0,1.0
1.618337313511069,-0.980906185232447,0.7339003290927956,0.0,0.0,0.0,0.0,1.0,0.0,0.0,1.0
1.1701189250130162,0.06775736440147904,0.3059701080474337,0.0,0.0,1.0,0.0,0.0,1.0,0.0,0.0
0.3633258257165213,-1.6141074188233924,0.6269177738314551,0.0,1.0,0.0,0.0,0.0,1.0,0.0,0.0
-0.4434672735799736,0.0,-1.4057507761340138,0.0,0.0,1.0,0.0,0.0,1.0,0.0,0.0
0.9011878919141846,-0.808669837867938,-1.2987682208726732,0.0,0.0,0.0,1.0,0.0,0.0,0.0,1.0
-0.26417991818075254,1.4424213423487344,0.5199352185701146,0.0,0.0,0.0,1.0,0.0,0.0,1.0,0.0
-1.339904050576079,-0.22658300223230307,-1.5127333313953542,0.0,0.0,1.0,0.0,0.0,0.0,1.0,0.0
0.811544214214574,0.6740218246875216,0.9478654396154764,0.0,0.0,0.0,0.0,1.0,0.0,1.0,0.0
-1.4295477282756897,0.5188547867957375,-0.014977557736587726,0.0,0.0,0.0,0.0,1.0,0.0,1.0,0.0
-0.8916856620780264,1.4432163512830805,0.3059701080474337,0.0,0.0,0.0,0.0,1.0,1.0,0.0,0.0
-0.26417991818075254,-1.179798714513266,1.054847994876817,0.0,0.0,1.0,0.0,0.0,1.0,0.0,0.0
-0.8916856620780264,-1.447108777379281,0.0,0.0,0.0,0.0,0.0,1.0,0.0,0.0,1.0
-0.26417991818075254,-0.6844613831842193,0.0,0.0,1.0,0.0,0.0,0.0,0.0,0.0,1.0
0.004751114918079114,1.8182267421372749,0.5199352185701146,0.0,0.0,0.0,1.0,0.0,0.0,1.0,0.0
0.3633258257165213,1.2386652289989746,-1.6197158866566947,0.0,1.0,0.0,0.0,0.0,1.0,0.0,0.0
-1.339904050576079,-1.0513813890006563,-0.8708379998273115,0.0,0.0,0.0,0.0,1.0,0.0,1.0,0.0
1.2597626027126267,-1.878658333034912,0.7339003290927956,0.0,1.0,0.0,0.0,0.0,0.0,0.0,1.0
-1.2502603728764685,0.0,-1.0848031103499924,0.0,0.0,0.0,0.0,1.0,1.0,0.0,0.0
-1.6088350836749108,-0.2845251239767035,-0.763855444565971,0.0,0.0,1.0,0.0,0.0,0.0,1.0,0.0
-0.6227546289791948,0.0,-1.4057507761340138,0.0,1.0,0.0,0.0,0.0,0.0,0.0,1.0
-0.8020419843784158,1.2024689398705113,1.1618305501381574,0.0,0.0,1.0,0.0,0.0,0.0,1.0,0.0
0.27368214801691076,0.319073718117708,-1.4057507761340138,0.0,0.0,1.0,0.0,0.0,1.0,0.0,0.0
-0.35382359588036305,-1.8944649812589698,-0.9778205550886518,1.0,0.0,0.0,0.0,0.0,0.0,1.0,0.0
0.9908315696137951,0.0,-1.7266984419180351,0.0,0.0,0.0,0.0,1.0,1.0,0.0,0.0
-0.8020419843784158,-0.08235902849563577,-1.8336809971793755,0.0,0.0,0.0,1.0,0.0,1.0,0.0,0.0
-0.35382359588036305,-1.85812839643621,0.0,0.0,0.0,0.0,0.0,1.0,0.0,0.0,1.0
-1.0709730174772474,1.6587105377223033,0.0,0.0,0.0,0.0,1.0,0.0,0.0,0.0,1.0
-1.4295477282756897,-0.5792863776933747,0.0,0.0,0.0,0.0,0.0,1.0,0.0,0.0,1.0
-1.4295477282756897,-0.5113832616539321,-0.6568728893046305,0.0,0.0,1.0,0.0,0.0,0.0,1.0,0.0
0.45296950341613185,-1.4773658821158646,0.8408828843541359,0.0,1.0,0.0,0.0,0.0,0.0,1.0,0.0
-1.5191914059753002,1.0936930115593932,-0.54989033404329,0.0,1.0,0.0,0.0,0.0,1.0,0.0,0.0
1.0804752473134056,-0.3177284382935108,-1.0848031103499924,1.0,0.0,0.0,0.0,0.0,0.0,1.0,0.0
-1.5191914059753002,-0.7099016690832942,0.0,0.0,0.0,0.0,1.0,0.0,0.0,0.0,1.0
0.632256858815353,0.020758306812195437,1.2688131053994978,0.0,0.0,0.0,1.0,0.0,0.0,1.0,0.0
0.811544214214574,-0.2681572929754604,-0.9778205550886518,0.0,0.0,0.0,1.0,0.0,1.0,0.0,0.0
1.0804752473134056,-1.849663889546996,1.3757956606608384,0.0,0.0,1.0,0.0,0.0,1.0,0.0,0.0
-0.08489256278153143,1.1630458497732317,0.3059701080474337,0.0,0.0,0.0,1.0,0.0,0.0,0.0,1.0
0.09439479261768965,0.20954954610367596,1.6967433264448597,0.0,1.0,0.0,0.0,0.0,0.0,1.0,0.0
-1.339904050576079,0.9549873351317165,1.3757956606608384,0.0,0.0,1.0,0.0,0.0,0.0,1.0,0.0
-0.17453624048114197,-1.1875149776995664,0.7339003290927956,0.0,0.0,0.0,0.0,1.0,1.0,0.0,0.0
0.7219005365149634,0.7347698603178493,-0.6568728893046305,0.0,0.0,0.0,1.0,0.0,1.0,0.0,0.0
0.1840384703173002,-1.5971784050449638,-1.8336809971793755,0.0,0.0,0.0,1.0,0.0,0.0,0.0,1.0
0.09439479261768965,-1.6003584407823481,0.4129526633087741,0.0,0.0,0.0,0.0,1.0,1.0,0.0,0.0
-1.2502603728764685,1.3091404327671838,-1.8336809971793755,0.0,0.0,0.0,1.0,0.0,0.0,0.0,1.0
-1.6984787613745214,-1.4815747529447558,-1.8336809971793755,0.0,0.0,0.0,0.0,1.0,1.0,0.0,0.0
-1.339904050576079,1.7934411694782497,0.3059701080474337,0.0,0.0,1.0,0.0,0.0,1.0,0.0,0.0
-0.7123983066788052,0.0,-0.3359252235206091,0.0,1.0,0.0,0.0,0.0,1.0,0.0,0.0
0.5426131811157424,-0.08086254108980782,-0.1219601129979282,0.0,0.0,0.0,0.0,1.0,1.0,0.0,0.0
1.2597626027126267,-0.8361677939500263,0.4129526633087741,1.0,0.0,0.0,0.0,0.0,1.0,0.0,0.0
-0.5331109512795842,-0.38511713678720005,1.8037258817062,0.0,0.0,0.0,0.0,1.0,1.0,0.0,0.0
0.5426131811157424,1.7462082857318055,-0.22894266825926865,0.0,0.0,0.0,1.0,0.0,1.0,0.0,0.0
0.632256858815353,0.0,-1.0848031103499924,0.0,0.0,1.0,0.0,0.0,0.0,0.0,1.0
-0.9813293397776369,0.13851315955828114,-0.1219601129979282,0.0,0.0,1.0,0.0,0.0,1.0,0.0,0.0
0.5426131811157424,-1.6985654267898065,-0.1219601129979282,0.0,0.0,0.0,0.0,1.0,1.0,0.0,0.0
0.1840384703173002,-1.4294315198979386,0.8408828843541359,0.0,1.0,0.0,0.0,0.0,0.0,0.0,1.0
0.9011878919141846,0.0,-0.54989033404329,1.0,0.0,0.0,0.0,0.0,0.0,1.0,0.0
-0.26417991818075254,-1.268372062845707,-0.1219601129979282,0.0,0.0,1.0,0.0,0.0,0.0,0.0,1.0
0.5426131811157424,-0.1595216603586387,-0.1219601129979282,0.0,0.0,0.0,1.0,0.0,1.0,0.0,0.0
1.4390499581118479,0.35208997150878685,-0.4429077787819496,0.0,0.0,0.0,1.0,0.0,0.0,0.0,1.0
-1.6984787613745214,0.30972067183128343,-1.2987682208726732,0.0,1.0,0.0,0.0,0.0,0.0,1.0,0.0
-1.0709730174772474,-1.1791440012732164,1.8037258817062,0.0,0.0,1.0,0.0,0.0,1.0,0.0,0.0
1.3494062804122373,0.0,-0.4429077787819496,0.0,0.0,0.0,0.0,1.0,0.0,0.0,1.0
-0.4434672735799736,-0.5689512615468755,-1.0848031103499924,0.0,0.0,0.0,1.0,0.0,0.0,0.0,1.0
0.1840384703173002,-0.7810783513229854,-0.3359252235206091,0.0,1.0,0.0,0.0,0.0,0.0,1.0,0.0
-0.5331109512795842,-0.20128301202752455,0.9478654396154764,0.0,0.0,1.0,0.0,0.0,0.0,0.0,1.0
0.5426131811157424,1.1713232957367175,-0.54989033404329,0.0,0.0,1.0,0.0,0.0,1.0,0.0,0.0
0.7219005365149634,0.0,1.3757956606608384,0.0,0.0,1.0,0.0,0.0,0.0,1.0,0.0
0.27368214801691076,0.09502149432640675,1.8037258817062,0.0,0.0,1.0,0.0,0.0,1.0,0.0,0.0
-0.5331109512795842,-0.16756528016496386,-1.2987682208726732,0.0,0.0,1.0,0.0,0.0,1.0,0.0,0.0
0.3633258257165213,0.620569165160605,-1.4057507761340138,0.0,0.0,0.0,1.0,0.0,0.0,1.0,0.0
-1.6088350836749108,-0.47383078081393737,0.4129526633087741,0.0,1.0,0.0,0.0,0.0,0.0,0.0,1.0
0.5426131811157424,0.0,0.0,0.0,0.0,1.0,0.0,0.0,1.0,0.0,0.0
-0.5331109512795842,1.793113812858225,0.7339003290927956,1.0,0.0,0.0,0.0,0.0,1.0,0.0,0.0
-1.160616695176858,0.29293195374715125,1.6967433264448597,1.0,0.0,0.0,0.0,0.0,1.0,0.0,0.0
-1.5191914059753002,0.0,0.0,0.0,1.0,0.0,0.0,0.0,1.0,0.0,0.0
0.27368214801691076,0.06995533027878882,-1.4057507761340138,0.0,0.0,0.0,0.0,1.0,1.0,0.0,0.0
-0.17453624048114197,1.782918992406022,0.8408828843541359,0.0,0.0,0.0,0.0,1.0,1.0,0.0,0.0
1.618337313511069,-0.6456930063269893,0.1989875527860932,0.0,0.0,0.0,0.0,1.0,1.0,0.0,0.0
1.3494062804122373,-1.527638505905397,-1.2987682208726732,1.0,0.0,0.0,0.0,0.0,0.0,0.0,1.0
-0.4434672735799736,-0.22129853108047318,-1.2987682208726732,0.0,0.0,0.0,0.0,1.0,1.0,0.0,0.0
0.45296950341613185,1.3458043742099683,-0.014977557736587726,0.0,0.0,0.0,1.0,0.0,1.0,0.0,0.0
1.5286936358114585,-1.1085285018107107,-1.5127333313953542,0.0,0.0,1.0,0.0,0.0,1.0,0.0,0.0
0.7219005365149634,-1.6408571312025666,-0.1219601129979282,1.0,0.0,0.0,0.0,0.0,0.0,0.0,1.0
-0.8916856620780264,0.9252446479408862,-0.4429077787819496,0.0,1.0,0.0,0.0,0.0,1.0,0.0,0.0
-0.26417991818075254,1.5242137321235176,-0.4429077787819496,0.0,1.0,0.0,0.0,0.0,0.0,0.0,1.0
0.1840384703173002,1.481002658280236,-0.54989033404329,0.0,0.0,1.0,0.0,0.0,1.0,0.0,0.0
0.5426131811157424,0.0,-1.1917856656113328,1.0,0.0,0.0,0.0,0.0,1.0,0.0,0.0
0.45296950341613185,1.1800216287830922,-0.3359252235206091,0.0,0.0,0.0,0.0,1.0,0.0,0.0,1.0
-0.26417991818075254,-0.04251505131546698,0.0,0.0,0.0,0.0,0.0,1.0,0.0,1.0,0.0
-0.6227546289791948,-0.6953109168764718,1.8037258817062,0.0,0.0,0.0,1.0,0.0,1.0,0.0,0.0
0.004751114918079114,-0.5436980365735291,-0.1219601129979282,0.0,0.0,0.0,1.0,0.0,0.0,1.0,0.0
0.45296950341613185,1.2351578366415654,1.8037258817062,0.0,0.0,0.0,0.0,1.0,1.0,0.0,0.0
-1.4295477282756897,0.0,0.09200499752475273,0.0,1.0,0.0,0.0,0.0,0.0,0.0,1.0
-0.8916856620780264,1.1304972486964742,0.1989875527860932,0.0,1.0,0.0,0.0,0.0,1.0,0.0,0.0
-1.5191914059753002,-0.20904604044525696,1.8037258817062,0.0,0.0,0.0,1.0,0.0,0.0,0.0,1.0
-0.17453624048114197,1.5201451569889228,1.4827782159221787,0.0,0.0,1.0,0.0,0.0,0.0,1.0,0.0
1.4390499581118479,-0.718553236898237,0.6269177738314551,0.0,0.0,0.0,0.0,1.0,0.0,1.0,0.0
0.1840384703173002,-1.0764943182797064,-0.1219601129979282,0.0,0.0,0.0,1.0,0.0,1.0,0.0,0.0
1.2597626027126267,-1.7340134722153557,-1.1917856656113328,0.0,0.0,0.0,1.0,0.0,0.0,1.0,0.0
-1.0709730174772474,-1.843677939923684,-1.8336809971793755,0.0,0.0,0.0,0.0,1.0,0.0,1.0,0.0
-0.08489256278153143,0.5206318655901582,1.8037258817062,0.0,0.0,0.0,0.0,1.0,1.0,0.0,0.0
1.5286936358114585,-1.733358758975306,1.4827782159221787,0.0,1.0,0.0,0.0,0.0,0.0,0.0,1.0
-1.2502603728764685,-0.6111335002986504,-0.54989033404329,0.0,0.0,1.0,0.0,0.0,0.0,0.0,1.0
0.5426131811157424,-1.48166828340762,0.0,0.0,0.0,1.0,0.0,0.0,1.0,0.0,0.0
1.2597626027126267,1.7267071842246102,-0.4429077787819496,0.0,0.0,0.0,0.0,1.0,0.0,0.0,1.0
-1.2502603728764685,-0.24075286735623636,-0.3359252235206091,1.0,0.0,0.0,0.0,0.0,0.0,1.0,0.0
1.5286936358114585,-0.4427319019115756,-1.5127333313953542,0.0,0.0,0.0,1.0,0.0,1.0,0.0,0.0
1.1701189250130162,-1.4901327902968342,-0.22894266825926865,0.0,0.0,0.0,1.0,0.0,1.0,0.0,0.0
0.1840384703173002,-0.8580539222602599,1.054847994876817,0.0,0.0,0.0,0.0,1.0,1.0,0.0,0.0
0.09439479261768965,1.832349842029776,-0.22894266825926865,1.0,0.0,0.0,0.0,0.0,1.0,0.0,0.0
-1.2502603728764685,1.0596011578453757,0.0,0.0,1.0,0.0,0.0,0.0,1.0,0.0,0.0
-1.2502603728764685,1.6812981445040187,0.8408828843541359,0.0,0.0,0.0,0.0,1.0,1.0,0.0,0.0
-1.4295477282756897,0.9092041735596681,1.054847994876817,0.0,0.0,0.0,0.0,1.0,1.0,0.0,0.0
0.9011878919141846,-0.7133622962092713,1.4827782159221787,0.0,0.0,0.0,1.0,0.0,0.0,0.0,1.0
-0.8020419843784158,1.7202535822869771,-1.7266984419180351,0.0,0.0,0.0,0.0,1.0,0.0,1.0,0.0
0.9011878919141846,0.0,1.3757956606608384,0.0,0.0,0.0,0.0,1.0,1.0,0.0,0.0
0.9908315696137951,0.0,-1.6197158866566947,0.0,0.0,0.0,0.0,1.0,0.0,1.0,0.0
0.3633258257165213,-0.24131405013342183,-1.0848031103499924,0.0,0.0,0.0,1.0,0.0,0.0,0.0,1.0
-0.9813293397776369,-0.4416095363572046,0.6269177738314551,0.0,1.0,0.0,0.0,0.0,0.0,0.0,1.0
-1.5191914059753002,1.1196009497727895,-0.3359252235206091,0.0,1.0,0.0,0.0,0.0,0.0,0.0,1.0
0.9908315696137951,-1.8525633338957874,1.3757956606608384,0.0,0.0,0.0,0.0,1.0,0.0,0.0,1.0
1.5286936358114585,-1.6850035096744909,-0.9778205550886518,0.0,0.0,0.0,1.0,0.0,0.0,1.0,0.0
1.4390499581118479,-0.3746884901778366,-1.7266984419180351,0.0,1.0,0.0,0.0,0.0,1.0,0.0,0.0
0.3633258257165213,-0.8957934640259831,-1.0848031103499924,0.0,1.0,0.0,0.0,0.0,0.0,0.0,1.0
0.9908315696137951,0.5967188971302222,0.0,0.0,1.0,0.0,0.0,0.0,1.0,0.0,0.0
-1.2502603728764685,0.0,-0.22894266825926865,0.0,0.0,0.0,1.0,0.0,0.0,1.0,0.0
-1.6088350836749108,-0.6169791542276658,1.8037258817062,0.0,0.0,0.0,1.0,0.0,1.0,0.0,0.0
0.004751114918079114,0.0,1.2688131053994978,0.0,0.0,0.0,0.0,1.0,0.0,0.0,1.0
0.7219005365149634,0.28189535912917024,-0.8708379998273115,0.0,0.0,1.0,0.0,0.0,1.0,0.0,0.0
-0.8020419843784158,1.542265111456317,-0.014977557736587726,0.0,1.0,0.0,0.0,0.0,1.0,0.0,0.0
-1.4295477282756897,0.0,-1.4057507761340138,0.0,0.0,1.0,0.0,0.0,0.0,0.0,1.0
-0.4434672735799736,0.8931169339470177,1.1618305501381574,0.0,0.0,0.0,1.0,0.0,0.0,1.0,0.0
-1.2502603728764685,-0.645552710632693,1.6967433264448597,0.0,0.0,0.0,1.0,0.0,0.0,0.0,1.0
0.9011878919141846,1.7734724156567332,0.5199352185701146,0.0,0.0,0.0,1.0,0.0,0.0,0.0,1.0
1.618337313511069,0.8210517123101162,-1.4057507761340138,0.0,0.0,1.0,0.0,0.0,0.0,1.0,0.0
-1.6088350836749108,-0.757368378986899,1.2688131053994978,0.0,0.0,0.0,1.0,0.0,0.0,0.0,1.0
-0.4434672735799736,-0.356216223762148,-1.2987682208726732,0.0,0.0,0.0,0.0,1.0,0.0,0.0,1.0
-0.8020419843784158,1.0903259148962805,-1.5127333313953542,0.0,0.0,0.0,1.0,0.0,0.0,0.0,1.0
-1.0709730174772474,1.3644169363199534,1.1618305501381574,1.0,0.0,0.0,0.0,0.0,0.0,1.0,0.0
0.5426131811157424,0.8600539153245068,0.5199352185701146,0.0,0.0,1.0,0.0,0.0,1.0,0.0,0.0
-1.339904050576079,-0.06926476369464132,-1.2987682208726732,1.0,0.0,0.0,0.0,0.0,1.0,0.0,0.0
-1.2502603728764685,0.7153622892735183,1.4827782159221787,0.0,0.0,0.0,1.0,0.0,0.0,1.0,0.0
0.5426131811157424,-1.4911148601569089,-0.014977557736587726,0.0,0.0,0.0,0.0,1.0,1.0,0.0,0.0
-1.4295477282756897,0.0,-0.3359252235206091,0.0,1.0,0.0,0.0,0.0,0.0,0.0,1.0
-0.08489256278153143,0.21455342586691312,1.4827782159221787,0.0,0.0,0.0,1.0,0.0,1.0,0.0,0.0
0.004751114918079114,1.7687023620506566,-0.9778205550886518,0.0,0.0,0.0,0.0,1.0,0.0,0.0,1.0
1.1701189250130162,-0.1468950478719655,-0.8708379998273115,0.0,0.0,1.0,0.0,0.0,1.0,0.0,0.0
0.004751114918079114,0.0,0.1989875527860932,1.0,0.0,0.0,0.0,0.0,1.0,0.0,0.0
-0.7123983066788052,0.2629086751677283,-1.2987682208726732,1.0,0.0,0.0,0.0,0.0,1.0,0.0,0.0
-1.6984787613745214,-1.6264534399214727,-1.6197158866566947,1.0,0.0,0.0,0.0,0.0,1.0,0.0,0.0
0.5426131811157424,0.43603356192944764,-0.763855444565971,0.0,0.0,1.0,0.0,0.0,1.0,0.0,0.0
-0.5331109512795842,-1.5731878413202847,-0.1219601129979282,0.0,0.0,0.0,0.0,1.0,0.0,1.0,0.0
1.618337313511069,0.7914960860450145,1.4827782159221787,0.0,0.0,1.0,0.0,0.0,1.0,0.0,0.0
1.5286936358114585,-0.20638042225362593,-1.5127333313953542,1.0,0.0,0.0,0.0,0.0,0.0,1.0,0.0
-0.8020419843784158,0.08702463975151373,-1.5127333313953542,0.0,0.0,0.0,1.0,0.0,0.0,0.0,1.0
1.4390499581118479,1.4795997013372721,-0.1219601129979282,0.0,1.0,0.0,0.0,0.0,1.0,0.0,0.0
-0.6227546289791948,-1.277818639594996,0.09200499752475273,0.0,0.0,1.0,0.0,0.0,0.0,1.0,0.0
-1.5191914059753002,-0.45741618458126215,-1.4057507761340138,0.0,0.0,1.0,0.0,0.0,0.0,1.0,0.0
1.1701189250130162,0.6500312609628425,1.4827782159221787,0.0,0.0,0.0,0.0,1.0,1.0,0.0,0.0
-1.2502603728764685,1.0927109416993188,0.4129526633087741,0.0,0.0,0.0,0.0,1.0,0.0,0.0,1.0
-0.8916856620780264,-1.3329080822220367,-1.2987682208726732,0.0,0.0,1.0,0.0,0.0,0.0,1.0,0.0
-1.339904050576079,0.19570703759976757,1.8037258817062,1.0,0.0,0.0,0.0,0.0,1.0,0.0,0.0
0.27368214801691076,0.13117101822343782,0.4129526633087741,0.0,1.0,0.0,0.0,0.0,0.0,0.0,1.0
-0.8916856620780264,-0.8240088337776743,-1.8336809971793755,0.0,0.0,0.0,0.0,1.0,0.0,1.0,0.0
-1.6088350836749108,0.1565645388910806,0.0,1.0,0.0,0.0,0.0,0.0,0.0,1.0,0.0
-0.6227546289791948,0.3704687074616112,0.4129526633087741,0.0,0.0,0.0,1.0,0.0,0.0,0.0,1.0
-1.6088350836749108,-0.5170886198886511,-0.763855444565971,0.0,0.0,0.0,0.0,1.0,0.0,0.0,1.0
0.004751114918079114,1.4869886079035477,-0.54989033404329,1.0,0.0,0.0,0.0,0.0,1.0,0.0,0.0
-1.6984787613745214,1.068813908437504,0.0,1.0,0.0,0.0,0.0,0.0,1.0,0.0,0.0
1.5286936358114585,-1.7367258556384189,-0.9778205550886518,0.0,1.0,0.0,0.0,0.0,0.0,1.0,0.0
-0.9813293397776369,0.0,-0.6568728893046305,0.0,1.0,0.0,0.0,0.0,0.0,0.0,1.0
-0.26417991818075254,0.35433470261752875,0.5199352185701146,0.0,0.0,0.0,1.0,0.0,1.0,0.0,0.0
-0.9813293397776369,1.5610647344920305,-0.4429077787819496,1.0,0.0,0.0,0.0,0.0,0.0,0.0,1.0
-0.8020419843784158,-1.606391155637092,0.0,1.0,0.0,0.0,0.0,0.0,0.0,1.0,0.0
-0.4434672735799736,-0.7566669005154172,-0.014977557736587726,0.0,1.0,0.0,0.0,0.0,0.0,0.0,1.0
0.3633258257165213,0.0,-0.9778205550886518,0.0,0.0,0.0,0.0,1.0,1.0,0.0,0.0
1.618337313511069,0.8603812719445317,0.5199352185701146,0.0,0.0,0.0,0.0,1.0,0.0,1.0,0.0
1.3494062804122373,-0.8939696200001304,0.0,0.0,0.0,1.0,0.0,0.0,1.0,0.0,0.0
0.9011878919141846,1.4141751425637321,0.09200499752475273,0.0,1.0,0.0,0.0,0.0,1.0,0.0,0.0
0.9908315696137951,0.08777288345442769,-1.4057507761340138,0.0,0.0,1.0,0.0,0.0,1.0,0.0,0.0
-1.339904050576079,-1.2681850019199785,0.5199352185701146,0.0,1.0,0.0,0.0,0.0,0.0,0.0,1.0
-0.5331109512795842,1.6776972216837454,1.2688131053994978,0.0,0.0,0.0,1.0,0.0,0.0,1.0,0.0
-0.8020419843784158,1.1521963160809792,0.7339003290927956,1.0,0.0,0.0,0.0,0.0,1.0,0.0,0.0
-0.9813293397776369,-0.800719748524477,1.054847994876817,0.0,0.0,0.0,1.0,0.0,1.0,0.0,0.0
1.2597626027126267,-0.3144081068618301,1.6967433264448597,0.0,1.0,0.0,0.0,0.0,0.0,1.0,0.0
-0.7123983066788052,0.0,0.7339003290927956,1.0,0.0,0.0,0.0,0.0,0.0,1.0,0.0
1.3494062804122373,0.0,0.0,0.0,0.0,0.0,0.0,1.0,1.0,0.0,0.0
1.3494062804122373,-0.1593345994329102,-0.4429077787819496,0.0,0.0,0.0,0.0,1.0,0.0,1.0,0.0
-1.6984787613745214,1.6537066579590662,1.2688131053994978,0.0,0.0,1.0,0.0,0.0,1.0,0.0,0.0
0.1840384703173002,0.0,0.7339003290927956,0.0,1.0,0.0,0.0,0.0,1.0,0.0,0.0
0.811544214214574,-0.4391309790913021,-0.4429077787819496,0.0,1.0,0.0,0.0,0.0,0.0,1.0,0.0
-1.0709730174772474,1.4515873277094307,1.8037258817062,0.0,0.0,0.0,0.0,1.0,1.0,0.0,0.0
-0.8020419843784158,-0.3136598631589161,1.6967433264448597,0.0,0.0,0.0,1.0,0.0,1.0,0.0,0.0
1.5286936358114585,0.703109798638302,0.0,1.0,0.0,0.0,0.0,0.0,0.0,1.0,0.0
-0.5331109512795842,0.0,0.0,0.0,0.0,0.0,1.0,0.0,1.0,0.0,0.0
0.9011878919141846,-1.5696336837314433,-0.763855444565971,0.0,0.0,0.0,1.0,0.0,1.0,0.0,0.0
1.3494062804122373,-0.4153274762923515,-0.763855444565971,0.0,0.0,0.0,0.0,1.0,0.0,1.0,0.0
0.09439479261768965,-0.2221403052462514,0.3059701080474337,0.0,0.0,0.0,0.0,1.0,0.0,1.0,0.0
1.5286936358114585,1.163981154401874,0.3059701080474337,0.0,0.0,0.0,0.0,1.0,1.0,0.0,0.0
-1.339904050576079,1.1546281081154495,0.4129526633087741,0.0,0.0,1.0,0.0,0.0,1.0,0.0,0.0
-0.08489256278153143,1.2993664993978702,-1.1917856656113328,0.0,0.0,0.0,1.0,0.0,0.0,0.0,1.0
-0.5331109512795842,1.0935059506336648,-0.1219601129979282,0.0,1.0,0.0,0.0,0.0,1.0,0.0,0.0
0.5426131811157424,-0.6842275570270587,-1.7266984419180351,1.0,0.0,0.0,0.0,0.0,0.0,0.0,1.0
-1.4295477282756897,-1.0829946854487715,-0.6568728893046305,0.0,0.0,1.0,0.0,0.0,0.0,0.0,1.0
0.45296950341613185,-1.1119423637052557,-0.014977557736587726,0.0,1.0,0.0,0.0,0.0,0.0,0.0,1.0
0.45296950341613185,0.3887539129515713,-0.763855444565971,0.0,0.0,0.0,1.0,0.0,0.0,1.0,0.0
-0.17453624048114197,0.0,-0.22894266825926865,0.0,0.0,0.0,0.0,1.0,0.0,1.0,0.0
-1.0709730174772474,1.7041195774428948,-0.014977557736587726,0.0,0.0,0.0,1.0,0.0,1.0,0.0,0.0
-0.5331109512795842,1.2905746358886312,1.8037258817062,1.0,0.0,0.0,0.0,0.0,0.0,0.0,1.0
1.0804752473134056,-1.1587075951373786,0.8408828843541359,0.0,0.0,1.0,0.0,0.0,0.0,1.0,0.0
1.618337313511069,-0.32904562430008455,-0.22894266825926865,0.0,0.0,1.0,0.0,0.0,0.0,1.0,0.0
1.1701189250130162,-0.018758313747948493,-1.2987682208726732,1.0,0.0,0.0,0.0,0.0,0.0,1.0,0.0
0.27368214801691076,-0.7987556088043279,-0.6568728893046305,0.0,1.0,0.0,0.0,0.0,0.0,1.0,0.0
-0.4434672735799736,0.8044500551517125,-0.54989033404329,0.0,1.0,0.0,0.0,0.0,1.0,0.0,0.0
1.1701189250130162,1.5855697157624629,-1.5127333313953542,0.0,0.0,1.0,0.0,0.0,0.0,0.0,1.0
0.45296950341613185,-0.6349837683290331,-1.7266984419180351,0.0,0.0,1.0,0.0,0.0,0.0,0.0,1.0
-0.26417991818075254,0.7946761217823989,0.8408828843541359,0.0,0.0,0.0,0.0,1.0,1.0,0.0,0.0
1.1701189250130162,-1.5605612288336115,0.9478654396154764,0.0,1.0,0.0,0.0,0.0,0.0,0.0,1.0
-1.6088350836749108,-1.078598753694152,0.9478654396154764,1.0,0.0,0.0,0.0,0.0,1.0,0.0,0.0
-0.5331109512795842,-1.7038031327102041,-0.3359252235206091,0.0,1.0,0.0,0.0,0.0,1.0,0.0,0.0
-1.2502603728764685,1.1371846767912677,-1.0848031103499924,0.0,0.0,0.0,0.0,1.0,0.0,1.0,0.0
-1.2502603728764685,-0.405647073385902,-1.1917856656113328,0.0,0.0,1.0,0.0,0.0,0.0,0.0,1.0
-1.5191914059753002,-0.4153274762923515,-0.6568728893046305,0.0,0.0,1.0,0.0,0.0,1.0,0.0,0.0
-1.160616695176858,0.6997427019751892,-0.54989033404329,0.0,0.0,0.0,0.0,1.0,0.0,1.0,0.0
-1.0709730174772474,1.0123215088674993,-0.1219601129979282,1.0,0.0,0.0,0.0,0.0,0.0,0.0,1.0
-0.4434672735799736,-0.5340643988985118,-0.1219601129979282,0.0,0.0,1.0,0.0,0.0,0.0,0.0,1.0
0.811544214214574,0.50085017269437,0.3059701080474337,0.0,0.0,0.0,1.0,0.0,0.0,0.0,1.0
1.1701189250130162,0.9425477835707717,0.0,0.0,0.0,1.0,0.0,0.0,0.0,1.0,0.0
0.9011878919141846,-0.10868785379192102,0.0,0.0,0.0,0.0,1.0,0.0,0.0,1.0,0.0
0.632256858815353,-1.0833688073002286,0.8408828843541359,0.0,0.0,0.0,0.0,1.0,1.0,0.0,0.0
1.4390499581118479,-0.3225920223624516,-0.22894266825926865,0.0,0.0,0.0,0.0,1.0,0.0,1.0,0.0
0.811544214214574,1.6619373386911198,1.054847994876817,0.0,0.0,1.0,0.0,0.0,0.0,1.0,0.0
1.618337313511069,-0.45755648027555856,1.1618305501381574,0.0,1.0,0.0,0.0,0.0,0.0,0.0,1.0
1.1701189250130162,-0.058882882316710024,-0.6568728893046305,0.0,0.0,0.0,1.0,0.0,0.0,1.0,0.0
1.5286936358114585,0.0,1.2688131053994978,1.0,0.0,0.0,0.0,0.0,0.0,0.0,1.0
0.632256858815353,-1.3313180643533447,0.0,0.0,0.0,1.0,0.0,0.0,0.0,0.0,1.0
1.1701189250130162,1.523979905966357,-0.22894266825926865,1.0,0.0,0.0,0.0,0.0,0.0,1.0,0.0
-1.4295477282756897,0.0,-0.4429077787819496,0.0,0.0,1.0,0.0,0.0,1.0,0.0,0.0
0.1840384703173002,-1.1380373628443803,0.0,0.0,1.0,0.0,0.0,0.0,1.0,0.0,0.0
-1.6088350836749108,-0.4407209969599943,-1.1917856656113328,0.0,1.0,0.0,0.0,0.0,0.0,1.0,0.0
-0.8916856620780264,0.6468979904568902,1.1618305501381574,0.0,1.0,0.0,0.0,0.0,1.0,0.0,0.0
-1.339904050576079,-1.4349965824383613,-1.6197158866566947,0.0,1.0,0.0,0.0,0.0,0.0,0.0,1.0
-0.8916856620780264,1.2728038479444244,-0.3359252235206091,0.0,0.0,0.0,0.0,1.0,0.0,0.0,1.0
1.1701189250130162,1.470714307365169,0.09200499752475273,0.0,0.0,0.0,0.0,1.0,0.0,1.0,0.0
1.618337313511069,1.1000998482655941,-0.54989033404329,0.0,0.0,0.0,1.0,0.0,1.0,0.0,0.0
-0.6227546289791948,1.330839500151689,0.3059701080474337,1.0,0.0,0.0,0.0,0.0,1.0,0.0,0.0
0.9908315696137951,1.3934113798078696,0.0,0.0,0.0,1.0,0.0,0.0,0.0,0.0,1.0
1.4390499581118479,-1.4045991820074812,1.1618305501381574,0.0,0.0,1.0,0.0,0.0,0.0,1.0,0.0
0.3633258257165213,0.0,0.1989875527860932,0.0,0.0,0.0,0.0,1.0,1.0,0.0,0.0
-0.4434672735799736,-0.20638042225362593,0.7339003290927956,0.0,0.0,1.0,0.0,0.0,0.0,1.0,0.0
0.811544214214574,-1.708619951547713,-1.2987682208726732,0.0,0.0,0.0,0.0,1.0,1.0,0.0,0.0
-1.0709730174772474,-1.2302583992285268,-1.7266984419180351,0.0,0.0,0.0,1.0,0.0,0.0,0.0,1.0
-1.339904050576079,0.736921060963727,0.0,1.0,0.0,0.0,0.0,0.0,0.0,0.0,1.0
0.811544214214574,-0.2940652311888566,1.4827782159221787,0.0,0.0,0.0,1.0,0.0,0.0,1.0,0.0
-1.4295477282756897,0.0,0.0,0.0,1.0,0.0,0.0,0.0,0.0,0.0,1.0
-0.7123983066788052,0.20211387430596842,-0.014977557736587726,0.0,1.0,0.0,0.0,0.0,1.0,0.0,0.0
-1.6088350836749108,1.556247915654522,-1.4057507761340138,0.0,1.0,0.0,0.0,0.0,0.0,0.0,1.0
0.632256858815353,-1.6621353115041826,1.2688131053994978,0.0,0.0,0.0,1.0,0.0,0.0,1.0,0.0
0.9908315696137951,-1.0096668025632025,0.09200499752475273,0.0,0.0,1.0,0.0,0.0,0.0,1.0,0.0
1.4390499581118479,0.8317141850766403,0.5199352185701146,1.0,0.0,0.0,0.0,0.0,0.0,1.0,0.0
1.4390499581118479,-1.454637979639853,1.6967433264448597,0.0,1.0,0.0,0.0,0.0,1.0,0.0,0.0
0.5426131811157424,0.5879270336209831,0.0,0.0,1.0,0.0,0.0,0.0,1.0,0.0,0.0
0.632256858815353,-1.876694193314763,1.1618305501381574,0.0,1.0,0.0,0.0,0.0,1.0,0.0,0.0
-1.339904050576079,0.1894872618192952,0.4129526633087741,1.0,0.0,0.0,0.0,0.0,1.0,0.0,0.0
0.004751114918079114,0.9433427925051179,-0.9778205550886518,0.0,1.0,0.0,0.0,0.0,1.0,0.0,0.0
-0.8020419843784158,0.09525532048356737,0.09200499752475273,1.0,0.0,0.0,0.0,0.0,0.0,0.0,1.0
-0.8916856620780264,0.36537129723550976,-1.2987682208726732,0.0,1.0,0.0,0.0,0.0,1.0,0.0,0.0
1.618337313511069,-1.4153551852368695,-0.3359252235206091,0.0,0.0,0.0,1.0,0.0,1.0,0.0,0.0
-1.2502603728764685,1.3149860866961993,0.1989875527860932,0.0,0.0,0.0,1.0,0.0,1.0,0.0,0.0
-1.0709730174772474,-0.7107902084805046,0.0,1.0,0.0,0.0,0.0,0.0,1.0,0.0,0.0
0.27368214801691076,-0.5522560739256076,1.4827782159221787,0.0,0.0,0.0,1.0,0.0,0.0,1.0,0.0
0.5426131811157424,-1.8979256083849467,-1.5127333313953542,1.0,0.0,0.0,0.0,0.0,1.0,0.0,0.0
-0.7123983066788052,1.3013774043494515,-0.014977557736587726,0.0,0.0,0.0,1.0,0.0,1.0,0.0,0.0
0.5426131811157424,-0.536075303850093,-1.4057507761340138,0.0,0.0,0.0,1.0,0.0,0.0,1.0,0.0
-0.6227546289791948,0.2659951804422484,0.1989875527860932,1.0,0.0,0.0,0.0,0.0,0.0,1.0,0.0
-0.17453624048114197,-0.9674845638114277,0.5199352185701146,0.0,0.0,1.0,0.0,0.0,1.0,0.0,0.0
0.45296950341613185,-0.04209416423257787,-0.763855444565971,0.0,0.0,0.0,1.0,0.0,0.0,1.0,0.0
1.1701189250130162,-1.4046927124703457,0.4129526633087741,0.0,1.0,0.0,0.0,0.0,1.0,0.0,0.0
-0.7123983066788052,1.5054141090878042,-1.5127333313953542,0.0,0.0,1.0,0.0,0.0,0.0,1.0,0.0
1.4390499581118479,0.7075992608557858,1.1618305501381574,1.0,0.0,0.0,0.0,0.0,0.0,1.0,0.0
-1.4295477282756897,0.0,0.0,0.0,0.0,1.0,0.0,0.0,1.0,0.0,0.0
-1.339904050576079,-0.5373379650987604,-0.54989033404329,0.0,0.0,0.0,0.0,1.0,0.0,1.0,0.0
1.5286936358114585,1.0250884170484689,-0.9778205550886518,0.0,0.0,0.0,0.0,1.0,0.0,1.0,0.0
-1.0709730174772474,0.024873647178222262,1.3757956606608384,0.0,0.0,0.0,1.0,0.0,0.0,0.0,1.0
0.7219005365149634,-1.030664391476226,-1.1917856656113328,0.0,0.0,0.0,1.0,0.0,0.0,0.0,1.0
0.9908315696137951,-1.2811857362581087,-1.5127333313953542,0.0,1.0,0.0,0.0,0.0,1.0,0.0,0.0
-0.9813293397776369,0.724013857088461,0.09200499752475273,0.0,0.0,1.0,0.0,0.0,0.0,0.0,1.0
0.811544214214574,0.0,1.2688131053994978,0.0,0.0,0.0,0.0,1.0,1.0,0.0,0.0
-0.5331109512795842,1.6726933419205081,1.3757956606608384,0.0,0.0,0.0,1.0,0.0,0.0,0.0,1.0
0.1840384703173002,-1.4072648001991124,0.0,0.0,0.0,1.0,0.0,0.0,0.0,0.0,1.0
-0.8020419843784158,1.134986710913958,0.3059701080474337,0.0,0.0,0.0,1.0,0.0,1.0,0.0,0.0
0.27368214801691076,-1.4532817879283213,1.3757956606608384,0.0,0.0,0.0,1.0,0.0,0.0,0.0,1.0
-1.6984787613745214,-1.0111632899690306,0.09200499752475273,0.0,0.0,0.0,0.0,1.0,1.0,0.0,0.0
1.5286936358114585,-1.1517395756539923,1.3757956606608384,0.0,0.0,0.0,0.0,1.0,0.0,0.0,1.0
0.09439479261768965,-1.637209443150861,1.4827782159221787,0.0,0.0,0.0,1.0,0.0,1.0,0.0,0.0
0.5426131811157424,-0.24346525077929948,-1.7266984419180351,1.0,0.0,0.0,0.0,0.0,0.0,0.0,1.0
1.4390499581118479,-0.4727551804909985,-0.8708379998273115,0.0,0.0,0.0,1.0,0.0,1.0,0.0,0.0
0.27368214801691076,0.33076502597573876,-1.7266984419180351,0.0,0.0,0.0,1.0,0.0,0.0,0.0,1.0
-1.6984787613745214,0.6698129538586305,-1.7266984419180351,0.0,1.0,0.0,0.0,0.0,1.0,0.0,0.0
-0.4434672735799736,-0.12739394636477022,0.6269177738314551,0.0,1.0,0.0,0.0,0.0,1.0,0.0,0.0
0.09439479261768965,0.08856789238877379,-0.1219601129979282,0.0,1.0,0.0,0.0,0.0,0.0,1.0,0.0
-0.9813293397776369,-1.0624179836186374,1.4827782159221787,1.0,0.0,0.0,0.0,0.0,0.0,1.0,0.0
-0.9813293397776369,-0.22242089663484413,-0.22894266825926865,1.0,0.0,0.0,0.0,0.0,1.0,0.0,0.0
-0.8916856620780264,1.1310584314736596,-0.22894266825926865,0.0,0.0,0.0,1.0,0.0,0.0,0.0,1.0
0.5426131811157424,1.1531783859410538,1.3757956606608384,0.0,1.0,0.0,0.0,0.0,1.0,0.0,0.0
1.3494062804122373,-1.4220893785630953,0.6269177738314551,1.0,0.0,0.0,0.0,0.0,1.0,0.0,0.0
0.45296950341613185,0.0,-1.8336809971793755,0.0,0.0,0.0,0.0,1.0,1.0,0.0,0.0
0.5426131811157424,1.4113692286778048,-0.763855444565971,0.0,0.0,0.0,1.0,0.0,0.0,0.0,1.0
-0.8020419843784158,1.1139891220009346,0.3059701080474337,0.0,0.0,1.0,0.0,0.0,0.0,0.0,1.0
1.618337313511069,0.9885180060685487,-1.5127333313953542,0.0,0.0,0.0,1.0,0.0,0.0,0.0,1.0
-1.6088350836749108,-1.3310374729647518,-1.1917856656113328,0.0,0.0,1.0,0.0,0.0,1.0,0.0,0.0
-1.160616695176858,-0.7305719013762926,0.8408828843541359,0.0,1.0,0.0,0.0,0.0,1.0,0.0,0.0
-0.17453624048114197,-0.2898095951285334,-0.6568728893046305,0.0,0.0,1.0,0.0,0.0,0.0,1.0,0.0
0.632256858815353,1.691305904030493,1.3757956606608384,0.0,1.0,0.0,0.0,0.0,1.0,0.0,0.0
1.2597626027126267,0.9278167356696531,-0.1219601129979282,0.0,0.0,0.0,0.0,1.0,0.0,0.0,1.0
0.632256858815353,0.19837265579139857,1.5897607711835193,0.0,0.0,1.0,0.0,0.0,0.0,1.0,0.0
-0.26417991818075254,1.0448233447128248,-0.763855444565971,0.0,0.0,0.0,1.0,0.0,0.0,0.0,1.0
0.3633258257165213,1.5139721464398825,1.054847994876817,0.0,1.0,0.0,0.0,0.0,1.0,0.0,0.0
0.45296950341613185,1.5465207475166403,0.0,0.0,0.0,0.0,1.0,0.0,0.0,1.0,0.0
-1.160616695176858,0.5377479402943152,-1.8336809971793755,1.0,0.0,0.0,0.0,0.0,0.0,0.0,1.0
-1.2502603728764685,-0.42280991332149115,1.054847994876817,0.0,1.0,0.0,0.0,0.0,0.0,1.0,0.0
0.3633258257165213,-0.01543798231626776,-1.1917856656113328,0.0,0.0,1.0,0.0,0.0,0.0,1.0,0.0
1.1701189250130162,1.5436680683992807,-1.7266984419180351,0.0,1.0,0.0,0.0,0.0,1.0,0.0,0.0
0.811544214214574,1.7504639217921287,0.6269177738314551,0.0,0.0,0.0,1.0,0.0,0.0,0.0,1.0
0.1840384703173002,-0.7746715146167845,-1.5127333313953542,0.0,0.0,0.0,0.0,1.0,0.0,1.0,0.0
0.5426131811157424,0.0,0.09200499752475273,0.0,1.0,0.0,0.0,0.0,0.0,1.0,0.0
0.7219005365149634,0.7184487945480383,0.8408828843541359,0.0,0.0,1.0,0.0,0.0,0.0,0.0,1.0
0.09439479261768965,-0.9438213567067735,-0.763855444565971,1.0,0.0,0.0,0.0,0.0,0.0,1.0,0.0
-1.160616695176858,0.5302655032651754,-0.763855444565971,0.0,0.0,0.0,0.0,1.0,0.0,1.0,0.0
-0.26417991818075254,1.5020002471932592,-1.6197158866566947,1.0,0.0,0.0,0.0,0.0,0.0,1.0,0.0
0.004751114918079114,0.6761262601019671,-0.6568728893046305,0.0,1.0,0.0,0.0,0.0,0.0,0.0,1.0
0.004751114918079114,0.3789799795822576,-1.6197158866566947,0.0,0.0,0.0,1.0,0.0,0.0,0.0,1.0
0.1840384703173002,-1.6431018623113085,0.9478654396154764,0.0,0.0,0.0,1.0,0.0,0.0,0.0,1.0
0.7219005365149634,1.5773390350304093,0.0,0.0,0.0,1.0,0.0,0.0,0.0,0.0,1.0
-1.160616695176858,1.0732098401921235,-0.22894266825926865,0.0,0.0,0.0,1.0,0.0,1.0,0.0,0.0
-1.6984787613745214,1.0998192568770013,-1.7266984419180351,0.0,0.0,0.0,0.0,1.0,0.0,1.0,0.0
1.0804752473134056,-0.5053973120306203,0.0,0.0,0.0,0.0,1.0,0.0,0.0,0.0,1.0
-0.6227546289791948,1.5446969034907874,0.1989875527860932,0.0,0.0,1.0,0.0,0.0,0.0,1.0,0.0
0.9011878919141846,-1.6316443806104384,1.054847994876817,0.0,1.0,0.0,0.0,0.0,0.0,1.0,0.0
0.27368214801691076,-0.43206942914505153,0.7339003290927956,0.0,1.0,0.0,0.0,0.0,1.0,0.0,0.0
-0.08489256278153143,-0.45531174916681666,1.4827782159221787,0.0,0.0,0.0,1.0,0.0,0.0,0.0,1.0
1.0804752473134056,-0.1452582647718412,-0.8708379998273115,1.0,0.0,0.0,0.0,0.0,0.0,0.0,1.0
